nan,nan,-2.291325695580970299e-03,nan,nan,nan,nan,nan,nan,nan,nan,nan,nan,nan,nan,nan,nan,nan,nan,nan,nan,nan,nan,-1.211129296235675598e-02,nan,nan,nan,-6.873977086742999801e-03,nan,nan,nan,-1.374795417348604297e-02,nan,nan,nan,nan,nan,nan,nan,nan,nan,nan,nan,1.080196399345339023e-02,nan,nan,1.963993453355183938e-03,nan,nan,-1.047463175122747073e-02,nan,nan,4.255319148936176354e-03,nan,nan,nan,nan,8.510638297872352709e-03,nan,-6.546644844517057532e-04,nan,nan,nan,nan,nan
nan,nan,-1.018062397372740922e-02,nan,nan,nan,nan,nan,nan,nan,nan,nan,nan,nan,nan,nan,nan,nan,nan,nan,nan,nan,nan,-8.538587848932665744e-03,nan,nan,nan,-1.149425287356320435e-02,nan,nan,nan,-1.182266009852215270e-02,nan,-1.182266009852215270e-02,nan,nan,nan,nan,nan,nan,nan,nan,nan,7.224958949096871481e-03,nan,nan,8.210180623973717395e-03,nan,nan,5.254515599343178786e-03,nan,nan,1.313628899835794783e-02,nan,nan,nan,nan,nan,nan,0.000000000000000000e+00,nan,nan,nan,nan,nan
nan,nan,-1.496598639455777244e-02,nan,nan,nan,nan,nan,nan,nan,nan,nan,nan,nan,nan,nan,nan,nan,nan,nan,nan,nan,nan,-8.843537414965952498e-03,nan,nan,nan,-7.142857142857094929e-03,nan,nan,nan,-9.523809523809489974e-03,nan,nan,nan,nan,nan,nan,nan,nan,nan,nan,nan,-1.020408163265296240e-03,nan,nan,-7.482993197278875810e-03,nan,nan,-8.503401360544194168e-03,nan,nan,-1.700680272108812032e-03,nan,nan,nan,nan,-4.761904761904744987e-03,nan,4.761904761904811774e-03,nan,nan,nan,nan,nan
nan,nan,-1.186161449752880584e-02,nan,nan,nan,nan,nan,nan,nan,nan,nan,nan,nan,nan,nan,nan,nan,nan,nan,nan,nan,nan,-1.746293245469521249e-02,nan,nan,nan,-1.449752883031301190e-02,nan,nan,nan,-1.614497528830311987e-02,nan,-1.317957166392089673e-02,nan,nan,nan,nan,nan,nan,nan,nan,nan,6.589785831960482190e-03,nan,nan,6.589785831960482190e-03,nan,nan,-1.153212520593076620e-02,nan,nan,-5.601317957166363284e-03,nan,nan,nan,nan,nan,nan,1.976935749588126789e-03,nan,nan,nan,nan,nan
nan,nan,-1.672131147540984950e-02,nan,nan,nan,nan,nan,nan,nan,nan,nan,nan,nan,nan,nan,nan,nan,nan,nan,nan,nan,nan,-1.999999999999999695e-02,nan,nan,nan,-1.573770491803276952e-02,nan,nan,nan,-1.737704918032787621e-02,nan,-2.327868852459018603e-02,nan,nan,nan,nan,nan,nan,nan,nan,nan,-3.606557377049179891e-03,nan,nan,1.967213114754074073e-03,nan,nan,-8.852459016393443916e-03,nan,nan,-2.950819672131155345e-03,nan,nan,nan,nan,nan,nan,-1.180327868852459883e-02,nan,nan,nan,nan,nan
nan,nan,-1.704918032786884030e-02,nan,nan,nan,nan,nan,nan,nan,nan,nan,nan,nan,nan,nan,nan,nan,nan,nan,nan,nan,nan,-2.590163934426230677e-02,nan,nan,nan,-1.475409836065573119e-02,nan,nan,nan,-2.459016393442623599e-02,nan,-2.032786885245902939e-02,nan,nan,nan,nan,nan,nan,nan,nan,nan,6.557377049180334802e-03,nan,nan,-2.622950819672120737e-03,nan,nan,-4.262295081967204871e-03,nan,nan,2.950819672131155345e-03,nan,nan,nan,nan,nan,nan,-8.524590163934430559e-03,nan,nan,nan,nan,nan
nan,nan,-1.114754098360655130e-02,nan,nan,nan,nan,nan,nan,nan,nan,nan,nan,nan,nan,nan,nan,nan,nan,nan,nan,nan,nan,-1.540983606557377872e-02,nan,nan,nan,-1.213114754098361045e-02,nan,nan,nan,-1.770491803278690865e-02,nan,-1.245901639344264636e-02,nan,nan,nan,nan,nan,nan,nan,nan,nan,4.262295081967182320e-03,nan,nan,-6.557377049180468809e-04,nan,nan,-2.295081967213130798e-03,nan,nan,4.262295081967204871e-03,nan,nan,nan,nan,nan,nan,-8.196721311475418936e-03,nan,nan,nan,nan,nan
nan,nan,-1.856677524429968182e-02,nan,nan,nan,nan,nan,nan,nan,nan,nan,nan,nan,nan,nan,nan,nan,nan,nan,nan,nan,nan,-1.335504885993485900e-02,nan,nan,nan,-1.335504885993485900e-02,nan,nan,nan,-1.270358306188925680e-02,nan,nan,nan,nan,nan,nan,nan,nan,nan,nan,nan,1.628664495114007238e-03,nan,nan,9.771986970684043861e-04,nan,nan,-2.280130293159610307e-03,nan,nan,-3.257328990228014476e-03,nan,nan,nan,nan,-1.628664495114007238e-03,nan,-9.771986970684043861e-04,nan,nan,nan,nan,nan
nan,nan,-1.071428571428572132e-02,nan,nan,nan,nan,nan,nan,nan,nan,nan,nan,nan,nan,nan,nan,nan,nan,nan,nan,nan,nan,-1.071428571428572132e-02,nan,nan,nan,-6.493506493506484394e-03,nan,nan,nan,-1.006493506493504400e-02,nan,nan,nan,nan,nan,nan,nan,nan,nan,nan,nan,1.168831168831168180e-02,nan,nan,-1.948051948051943063e-03,nan,nan,-1.266233766233764227e-02,nan,nan,-5.519480519480523921e-03,nan,nan,nan,nan,-3.246753246753275482e-04,nan,-2.597402597402598268e-03,nan,nan,nan,nan,nan
nan,nan,-1.642036124794743479e-03,nan,nan,nan,nan,nan,nan,nan,nan,nan,nan,nan,nan,nan,nan,nan,nan,nan,nan,nan,nan,-1.182266009852215270e-02,nan,nan,nan,2.298850574712641044e-03,nan,nan,nan,6.896551724137922265e-03,nan,nan,nan,nan,nan,nan,nan,nan,nan,nan,nan,8.866995073891614093e-03,nan,nan,3.284072249589486958e-03,nan,nan,-5.254515599343178786e-03,nan,nan,-6.896551724137922265e-03,nan,nan,nan,nan,3.612479474548435741e-03,nan,-4.597701149425282088e-03,nan,nan,nan,nan,nan
nan,nan,-1.254125412541253794e-02,nan,nan,nan,nan,nan,nan,nan,nan,nan,nan,nan,nan,nan,nan,nan,nan,nan,nan,nan,nan,-1.782178217821781679e-02,nan,nan,nan,-1.254125412541251539e-02,nan,nan,nan,-1.848184818481846126e-02,nan,nan,nan,nan,nan,nan,nan,nan,nan,nan,nan,-2.970297029702950817e-03,nan,nan,-2.640264026402583484e-03,nan,nan,-1.980198019801981957e-03,nan,nan,-3.630363036303596580e-03,nan,nan,nan,nan,-4.620462046204587558e-03,nan,-5.610561056105578537e-03,nan,nan,nan,nan,nan
nan,nan,-1.927330173775667482e-02,nan,nan,nan,nan,nan,nan,nan,nan,nan,nan,nan,nan,nan,nan,nan,nan,nan,nan,nan,nan,-2.211690363349125971e-02,nan,nan,nan,-1.484992101105842011e-02,nan,nan,nan,-1.737756714060025715e-02,nan,-1.864139020537121036e-02,nan,nan,nan,nan,nan,nan,nan,nan,nan,2.843601895734648635e-03,nan,nan,-1.263823064770885993e-03,nan,nan,-3.791469194312768569e-03,nan,nan,2.527646129541905127e-03,nan,nan,nan,nan,nan,nan,-5.055292259083720915e-03,nan,nan,nan,nan,nan
nan,nan,-1.225806451612900839e-02,nan,nan,nan,nan,nan,nan,nan,nan,nan,nan,nan,nan,nan,nan,nan,nan,nan,nan,nan,nan,-1.870967741935482959e-02,nan,nan,nan,-1.548387096774188690e-02,nan,nan,nan,-1.419354838709672127e-02,nan,-1.387096774193543637e-02,nan,nan,nan,nan,nan,nan,nan,nan,nan,-6.451612903225712120e-04,nan,nan,7.419354838709724467e-03,nan,nan,-4.516129032258042394e-03,nan,nan,2.903225806451636970e-03,nan,nan,nan,nan,nan,nan,-7.096774193548371912e-03,nan,nan,nan,nan,nan
nan,nan,-7.987220447284327368e-03,nan,nan,nan,nan,nan,nan,nan,nan,nan,nan,nan,nan,nan,nan,nan,nan,nan,nan,nan,nan,-1.565495207667731009e-02,nan,nan,nan,-1.086261980830669459e-02,nan,nan,nan,-1.789137380191689955e-02,nan,-1.309904153354628578e-02,nan,nan,nan,nan,nan,nan,nan,nan,nan,5.750798722044758726e-03,nan,nan,-2.555910543130957089e-03,nan,nan,-2.236421725239612444e-03,nan,nan,-2.875399361022323852e-03,nan,nan,nan,nan,nan,nan,-6.389776357827448017e-03,nan,nan,nan,nan,nan
nan,nan,1.344537815126001234e-03,nan,nan,nan,nan,nan,nan,nan,nan,nan,nan,nan,nan,nan,nan,nan,nan,nan,nan,nan,nan,-8.739495798319407011e-03,nan,nan,nan,-3.697478991596669928e-03,nan,nan,nan,-4.440892098500626408e-17,nan,nan,nan,nan,nan,nan,nan,nan,nan,nan,nan,7.731092436974740419e-03,nan,nan,1.915966386554614903e-02,nan,nan,-3.697478991596669928e-03,nan,nan,-1.344537815126112257e-03,nan,nan,nan,nan,7.731092436974762103e-03,nan,3.361344537814891956e-04,nan,nan,nan,nan,nan
nan,nan,-2.136894824707842241e-02,nan,nan,nan,nan,nan,nan,nan,nan,nan,nan,nan,nan,nan,nan,nan,nan,nan,nan,nan,nan,-2.036727879799664701e-02,nan,nan,nan,-2.838063439065108273e-02,nan,nan,nan,-2.838063439065108273e-02,nan,-3.171953255425707940e-02,nan,nan,nan,nan,nan,nan,nan,nan,nan,-5.008347245408995008e-03,nan,nan,-6.010016694490793836e-03,nan,nan,-8.347245409014991679e-03,nan,nan,5.676126878130194515e-03,nan,nan,nan,nan,nan,nan,-2.337228714524197844e-03,nan,nan,nan,nan,nan
nan,nan,-2.062193126022917461e-02,nan,nan,nan,nan,nan,nan,nan,nan,nan,nan,nan,nan,nan,nan,nan,nan,nan,nan,nan,nan,-2.749590834697222125e-02,nan,nan,nan,-2.422258592471362298e-02,nan,nan,nan,-2.258592471358431691e-02,nan,-2.422258592471362298e-02,nan,nan,nan,nan,nan,nan,nan,nan,nan,-9.492635024549955086e-03,nan,nan,-4.440892098500626408e-17,nan,nan,-1.342062193126030215e-02,nan,nan,-6.219312602291360292e-03,nan,nan,nan,nan,nan,nan,-9.492635024549955086e-03,nan,nan,nan,nan,nan
nan,nan,-1.118421052631581904e-02,nan,nan,nan,nan,nan,nan,nan,nan,nan,nan,nan,nan,nan,nan,nan,nan,nan,nan,nan,nan,-1.842105263157900463e-02,nan,nan,nan,-1.348684210526320849e-02,nan,nan,nan,-1.973684210526318455e-02,nan,-9.868421052631614829e-03,nan,nan,nan,nan,nan,nan,nan,nan,nan,1.118421052631575138e-02,nan,nan,4.934210526315774455e-03,nan,nan,-4.440892098500626408e-17,nan,nan,4.934210526315730219e-03,nan,nan,nan,nan,nan,nan,-1.973684210526371798e-03,nan,nan,nan,nan,nan
nan,nan,-5.324459234608979949e-03,nan,nan,nan,nan,nan,nan,nan,nan,nan,nan,nan,nan,nan,nan,nan,nan,nan,nan,nan,nan,-1.331114808652244987e-03,nan,nan,nan,-1.031613976705489898e-02,nan,nan,nan,-8.319467554076531712e-03,nan,nan,nan,nan,nan,nan,nan,nan,nan,nan,nan,-9.983361064891838488e-04,nan,nan,2.995008319467551330e-03,nan,nan,-9.983361064891838488e-04,nan,nan,3.660565723793674040e-03,nan,nan,nan,nan,1.064891846921795990e-02,nan,9.650582362728777133e-03,nan,nan,nan,nan,nan
nan,nan,-3.864734299516925462e-03,nan,nan,nan,nan,nan,nan,nan,nan,nan,nan,nan,nan,nan,nan,nan,nan,nan,nan,nan,nan,-1.062801932367147748e-02,nan,nan,nan,-8.051529790660216096e-03,nan,nan,nan,-4.508856682769723893e-03,nan,nan,nan,nan,nan,nan,nan,nan,nan,nan,nan,7.729468599033850924e-03,nan,nan,6.119162640901798685e-03,nan,nan,6.763285024154619234e-03,nan,nan,1.288244766505639537e-02,nan,nan,nan,nan,1.481481481481481365e-02,nan,1.223832528180352971e-02,nan,nan,nan,nan,nan
nan,nan,-1.990212071778141301e-02,nan,nan,nan,nan,nan,nan,nan,nan,nan,nan,nan,nan,nan,nan,nan,nan,nan,nan,nan,nan,-2.479608482871125189e-02,nan,nan,nan,-1.990212071778141301e-02,nan,nan,nan,-1.729200652528548737e-02,nan,-2.022838499184338376e-02,nan,nan,nan,nan,nan,nan,nan,nan,nan,2.283849918433955746e-03,nan,nan,-3.262642740619936315e-04,nan,nan,-1.957585644371939888e-03,nan,nan,3.262642740619914414e-03,nan,nan,nan,nan,nan,nan,-2.936378466557942792e-03,nan,nan,nan,nan,nan
nan,nan,-2.177554438860969041e-02,nan,nan,nan,nan,nan,nan,nan,nan,nan,nan,nan,nan,nan,nan,nan,nan,nan,nan,nan,nan,-2.110552763819089142e-02,nan,nan,nan,-2.177554438860966959e-02,nan,nan,nan,-2.144053601340028051e-02,nan,-2.512562814070347025e-02,nan,nan,nan,nan,nan,nan,nan,nan,nan,2.680067001675090575e-03,nan,nan,-2.345058626465612583e-03,nan,nan,-8.040201005025093481e-03,nan,nan,4.355108877721969654e-03,nan,nan,nan,nan,nan,nan,-8.040201005025093481e-03,nan,nan,nan,nan,nan
nan,nan,-2.036124794745481845e-02,nan,nan,nan,nan,nan,nan,nan,nan,nan,nan,nan,nan,nan,nan,nan,nan,nan,nan,nan,nan,-2.660098522167486657e-02,nan,nan,nan,-1.806239737274217827e-02,nan,nan,nan,-2.298850574712645381e-02,nan,nan,nan,nan,nan,nan,nan,nan,nan,nan,nan,9.852216748768461308e-04,nan,nan,-1.970443349753692262e-03,nan,nan,-1.018062397372740922e-02,nan,nan,-9.852216748768461308e-04,nan,nan,nan,nan,7.224958949096871481e-03,nan,-5.911330049261076351e-03,nan,nan,nan,nan,nan
nan,nan,-1.095008051529795454e-02,nan,nan,nan,nan,nan,nan,nan,nan,nan,nan,nan,nan,nan,nan,nan,nan,nan,nan,nan,nan,-1.288244766505641792e-02,nan,nan,nan,-1.449275362318847016e-02,nan,nan,nan,-1.384863123993562706e-02,nan,nan,nan,nan,nan,nan,nan,nan,nan,nan,nan,2.898550724637627418e-03,nan,nan,1.610305958131985670e-03,nan,nan,4.508856682769657107e-03,nan,nan,1.095008051529784351e-02,nan,nan,nan,nan,3.220611916264060244e-03,nan,3.542673107890448401e-03,nan,nan,nan,nan,nan
nan,nan,-1.954397394136797583e-02,nan,nan,nan,nan,nan,nan,nan,nan,nan,nan,nan,nan,nan,nan,nan,nan,nan,nan,nan,nan,-2.573289902280120195e-02,nan,nan,nan,-2.540716612377840258e-02,nan,nan,nan,-2.052117263843638087e-02,nan,-2.182410423452758527e-02,nan,nan,nan,nan,nan,nan,nan,nan,nan,6.514657980456473041e-04,nan,nan,2.280130293159610307e-03,nan,nan,-9.120521172638330204e-03,nan,nan,1.954397394136830890e-03,nan,nan,nan,nan,nan,nan,-8.794788273615527369e-03,nan,nan,nan,nan,nan
nan,nan,-1.035598705501621433e-02,nan,nan,nan,nan,nan,nan,nan,nan,nan,nan,nan,nan,nan,nan,nan,nan,nan,nan,nan,nan,-2.265372168284791529e-02,nan,nan,nan,-1.132686084142395765e-02,nan,nan,nan,-1.877022653721684836e-02,nan,-1.779935275080910678e-02,nan,nan,nan,nan,nan,nan,nan,nan,nan,4.530744336569548017e-03,nan,nan,3.559870550161781284e-03,nan,nan,-4.530744336569613936e-03,nan,nan,1.294498381876985158e-03,nan,nan,nan,nan,nan,nan,-5.177993527508117574e-03,nan,nan,nan,nan,nan
nan,nan,-9.847198641765687183e-03,nan,nan,nan,nan,nan,nan,nan,nan,nan,nan,nan,nan,nan,nan,nan,nan,nan,nan,nan,nan,-2.071307300509339644e-02,nan,nan,nan,-1.460101867572158839e-02,nan,nan,nan,-1.833616298811548834e-02,nan,-2.003395585738538751e-02,nan,nan,nan,nan,nan,nan,nan,nan,nan,6.791171477079793566e-03,nan,nan,-2.376910016977951037e-03,nan,nan,-7.130730050933809308e-03,nan,nan,-1.018675721561979140e-03,nan,nan,nan,nan,nan,nan,-1.358234295415963223e-02,nan,nan,nan,nan,nan
nan,nan,-1.269349845201241979e-02,nan,nan,nan,nan,nan,nan,nan,nan,nan,nan,nan,nan,nan,nan,nan,nan,nan,nan,nan,nan,-1.888544891640873274e-02,nan,nan,nan,-1.176470588235296530e-02,nan,nan,nan,-2.012383900928798111e-02,nan,nan,nan,nan,nan,nan,nan,nan,nan,nan,nan,-1.238390092879315587e-03,nan,nan,-7.430340557275583006e-03,nan,nan,-1.857585139318951263e-03,nan,nan,-3.095975232198400098e-04,nan,nan,nan,nan,9.907120743034014687e-03,nan,-6.191950464396577935e-04,nan,nan,nan,nan,nan
nan,nan,-1.199351701782818205e-02,nan,nan,nan,nan,nan,nan,nan,nan,nan,nan,nan,nan,nan,nan,nan,nan,nan,nan,nan,nan,-2.269043760129658624e-02,nan,nan,nan,-1.231766612641815861e-02,nan,nan,nan,-1.782820097244730562e-02,nan,-1.977309562398703660e-02,nan,nan,nan,nan,nan,nan,nan,nan,nan,2.917341977309595609e-03,nan,nan,2.593192868719618183e-03,nan,nan,-3.241491085899328656e-04,nan,nan,-1.620745542949775242e-03,nan,nan,nan,nan,nan,nan,0.000000000000000000e+00,nan,nan,nan,nan,nan
nan,nan,-1.680672268907563646e-02,nan,nan,nan,nan,nan,nan,nan,nan,nan,nan,nan,nan,nan,nan,nan,nan,nan,nan,nan,nan,-2.487394957983195612e-02,nan,nan,nan,-2.823529411764707023e-02,nan,nan,nan,-2.521008403361346684e-02,nan,-1.478991596638656869e-02,nan,nan,nan,nan,nan,nan,nan,nan,nan,2.689075630252091374e-03,nan,nan,-1.344537815126045687e-03,nan,nan,-3.697478991596625693e-03,nan,nan,8.067226890756274554e-03,nan,nan,nan,nan,nan,nan,-6.722689075630228434e-04,nan,nan,nan,nan,nan
nan,nan,-1.865793780687399067e-02,nan,nan,nan,nan,nan,nan,nan,nan,nan,nan,nan,nan,nan,nan,nan,nan,nan,nan,nan,nan,-2.585924713584288742e-02,nan,nan,nan,-1.833060556464814056e-02,nan,nan,nan,-1.865793780687399067e-02,nan,-1.865793780687399067e-02,nan,nan,nan,nan,nan,nan,nan,nan,nan,6.219312602291293506e-03,nan,nan,1.309328968903389389e-03,nan,nan,1.309328968903411506e-03,nan,nan,7.528641571194705229e-03,nan,nan,nan,nan,nan,nan,-6.546644844517213006e-03,nan,nan,nan,nan,nan
nan,nan,-1.305732484076429535e-02,nan,nan,nan,nan,nan,nan,nan,nan,nan,nan,nan,nan,nan,nan,nan,nan,nan,nan,nan,nan,-2.229299363057322264e-02,nan,nan,nan,-1.656050955414010289e-02,nan,nan,nan,-1.719745222929933842e-02,nan,-1.624203821656047125e-02,nan,nan,nan,nan,nan,nan,nan,nan,nan,0.000000000000000000e+00,nan,nan,9.554140127388865760e-04,nan,nan,-1.242038216560505982e-02,nan,nan,9.554140127388865760e-04,nan,nan,nan,nan,nan,nan,-8.598726114649646660e-03,nan,nan,nan,nan,nan
nan,nan,-1.045751633986924389e-02,nan,nan,nan,nan,nan,nan,nan,nan,nan,nan,nan,nan,nan,nan,nan,nan,nan,nan,nan,nan,-1.209150326797381325e-02,nan,nan,nan,-9.150326797385588407e-03,nan,nan,nan,-1.535947712418295197e-02,nan,-6.862745098039191305e-03,nan,nan,nan,nan,nan,nan,nan,nan,nan,1.045751633986935492e-02,nan,nan,2.287581699346441337e-03,nan,nan,-3.921568627450966460e-03,nan,nan,4.575163398692838439e-03,nan,nan,nan,nan,nan,nan,-6.535947712418277433e-04,nan,nan,nan,nan,nan
nan,nan,-5.405405405405416981e-03,nan,nan,nan,nan,nan,nan,nan,nan,nan,nan,nan,nan,nan,nan,nan,nan,nan,nan,nan,nan,-1.303656597774247548e-02,nan,nan,nan,-7.631160572337059370e-03,nan,nan,nan,-9.856915739268700891e-03,nan,nan,nan,nan,nan,nan,nan,nan,nan,nan,nan,9.856915739268700891e-03,nan,nan,4.451510333863284777e-03,nan,nan,9.538950715421324212e-04,nan,nan,1.907790143084264842e-03,nan,nan,nan,nan,1.907790143084264842e-03,nan,2.543720190779019501e-03,nan,nan,nan,nan,nan
nan,nan,-7.949125596184436482e-03,nan,nan,nan,nan,nan,nan,nan,nan,nan,nan,nan,nan,nan,nan,nan,nan,nan,nan,nan,nan,-1.049284578696345685e-02,nan,nan,nan,-5.405405405405416981e-03,nan,nan,nan,-1.430842607313198567e-02,nan,nan,nan,nan,nan,nan,nan,nan,nan,nan,nan,4.133545310015906797e-03,nan,nan,-9.538950715421324212e-04,nan,nan,3.179650238473774593e-03,nan,nan,1.144674085850558819e-02,nan,nan,nan,nan,3.497615262321152139e-03,nan,9.538950715421324212e-04,nan,nan,nan,nan,nan
nan,nan,-1.363636363636362356e-02,nan,nan,nan,nan,nan,nan,nan,nan,nan,nan,nan,nan,nan,nan,nan,nan,nan,nan,nan,nan,-2.564935064935067871e-02,nan,nan,nan,-2.110389610389609011e-02,nan,nan,nan,-1.558441558441558961e-02,nan,nan,nan,nan,nan,nan,nan,nan,nan,nan,nan,2.597402597402598268e-03,nan,nan,2.597402597402620385e-03,nan,nan,1.623376623376615677e-03,nan,nan,1.298701298701310193e-03,nan,nan,nan,nan,5.844155844155829622e-03,nan,-4.220779220779236063e-03,nan,nan,nan,nan,nan
nan,nan,-1.477832512315269131e-02,nan,nan,nan,nan,nan,nan,nan,nan,nan,nan,nan,nan,nan,nan,nan,nan,nan,nan,nan,nan,-1.543513957307058801e-02,nan,nan,nan,-1.313628899835794783e-02,nan,nan,nan,-1.346469622331689618e-02,nan,-1.116584564860425600e-02,nan,nan,nan,nan,nan,nan,nan,nan,nan,6.896551724137922265e-03,nan,nan,6.239737274220025567e-03,nan,nan,-6.568144499178973916e-03,nan,nan,9.195402298850564177e-03,nan,nan,nan,nan,nan,nan,3.284072249589486741e-04,nan,nan,nan,nan,nan
nan,nan,-2.630744849445327757e-02,nan,nan,nan,nan,nan,nan,nan,nan,nan,nan,nan,nan,nan,nan,nan,nan,nan,nan,nan,nan,-2.567353407290018374e-02,nan,nan,nan,-2.155309033280510336e-02,nan,nan,nan,-2.947702060221872936e-02,nan,-2.187004754358163813e-02,nan,nan,nan,nan,nan,nan,nan,nan,nan,4.120443740095058698e-03,nan,nan,9.508716323296084304e-04,nan,nan,-1.045958795562600477e-02,nan,nan,3.169572107765361796e-04,nan,nan,nan,nan,nan,nan,-9.508716323296528827e-04,nan,nan,nan,nan,nan
nan,nan,-9.523809523809489974e-03,nan,nan,nan,nan,nan,nan,nan,nan,nan,nan,nan,nan,nan,nan,nan,nan,nan,nan,nan,nan,-1.462585034013605921e-02,nan,nan,nan,-1.564625850340133420e-02,nan,nan,nan,-2.006802721088436423e-02,nan,nan,nan,nan,nan,nan,nan,nan,nan,nan,nan,2.220446049250313204e-17,nan,nan,8.503401360544237536e-03,nan,nan,-3.401360544217357784e-04,nan,nan,8.843537414966040969e-03,nan,nan,nan,nan,1.700680272108856484e-03,nan,-1.020408163265273905e-03,nan,nan,nan,nan,nan
nan,nan,-1.452145214521458581e-02,nan,nan,nan,nan,nan,nan,nan,nan,nan,nan,nan,nan,nan,nan,nan,nan,nan,nan,nan,nan,-2.046204620462050913e-02,nan,nan,nan,-8.580858085808617391e-03,nan,nan,nan,-1.617161716171622299e-02,nan,-9.900990099009954887e-03,nan,nan,nan,nan,nan,nan,nan,nan,nan,3.300330033003273482e-03,nan,nan,1.320132013201291742e-03,nan,nan,-7.590759075907627280e-03,nan,nan,-1.650165016501703528e-03,nan,nan,nan,nan,nan,nan,-5.280528052805299674e-03,nan,nan,nan,nan,nan
nan,nan,-1.581548599670508023e-02,nan,nan,nan,nan,nan,nan,nan,nan,nan,nan,nan,nan,nan,nan,nan,nan,nan,nan,nan,nan,nan,nan,nan,nan,-1.252059308072486256e-02,nan,nan,nan,-9.555189456342639415e-03,nan,-1.647446457990115951e-02,nan,nan,nan,nan,nan,nan,nan,nan,nan,1.317957166392136423e-03,nan,nan,-8.566721581548586428e-03,nan,nan,-6.260296540362397452e-03,nan,nan,1.317957166392158541e-03,nan,nan,nan,nan,-9.884678747940300013e-04,nan,-9.884678747940656499e-03,nan,nan,nan,nan,nan
nan,nan,-7.717041800643054464e-03,nan,nan,nan,nan,nan,nan,nan,nan,nan,nan,nan,nan,nan,nan,nan,nan,nan,nan,nan,nan,-7.073954983922781277e-03,nan,nan,nan,-8.038585209003201032e-03,nan,nan,nan,-1.286173633440501705e-03,nan,nan,nan,nan,nan,nan,nan,nan,nan,nan,nan,7.717041800643120383e-03,nan,nan,6.430868167202951962e-04,nan,nan,-9.646302250803540524e-04,nan,nan,-2.572347266880958740e-03,nan,nan,nan,nan,3.858520900321571467e-03,nan,5.144694533762095290e-03,nan,nan,nan,nan,nan
nan,nan,-6.965174129353201952e-03,nan,nan,nan,nan,nan,nan,nan,nan,nan,nan,nan,nan,nan,nan,nan,nan,nan,nan,nan,nan,-1.260364842454393328e-02,nan,nan,nan,-6.301824212271944954e-03,nan,nan,nan,-1.260364842454388991e-02,nan,nan,nan,nan,nan,nan,nan,nan,nan,nan,nan,5.638474295190753875e-03,nan,nan,9.950248756219082658e-04,nan,nan,-2.321724709784400795e-03,nan,nan,-4.975124378109407539e-03,nan,nan,nan,nan,7.628524046434504054e-03,nan,-9.286898839137625733e-03,nan,nan,nan,nan,nan
nan,nan,4.437400950871661989e-03,nan,nan,nan,nan,nan,nan,nan,nan,nan,nan,nan,nan,nan,nan,nan,nan,nan,nan,nan,nan,3.169572107765805777e-04,nan,nan,nan,4.754358161648197627e-03,nan,nan,nan,5.071315372424755816e-03,nan,nan,nan,nan,nan,nan,nan,nan,nan,nan,nan,2.218700475435819719e-02,nan,nan,1.394611727416801214e-02,nan,nan,1.679873217115692569e-02,nan,nan,1.679873217115690487e-02,nan,nan,nan,nan,1.141045958795567847e-02,nan,1.553090332805078314e-02,nan,nan,nan,nan,nan
nan,nan,-1.147540983606558720e-02,nan,nan,nan,nan,nan,nan,nan,nan,nan,nan,nan,nan,nan,nan,nan,nan,nan,nan,nan,nan,-2.032786885245902939e-02,nan,nan,nan,-1.508196721311476710e-02,nan,nan,nan,-1.770491803278693294e-02,nan,-1.573770491803276952e-02,nan,nan,nan,nan,nan,nan,nan,nan,nan,2.622950819672098619e-03,nan,nan,-3.934426229508214065e-03,nan,nan,-2.622950819672164972e-03,nan,nan,4.590163934426216494e-03,nan,nan,nan,nan,nan,nan,-1.967213114754096191e-03,nan,nan,nan,nan,nan
nan,nan,-2.618657937806867682e-03,nan,nan,nan,nan,nan,nan,nan,nan,nan,nan,nan,nan,nan,nan,nan,nan,nan,nan,nan,nan,-9.165302782324058137e-03,nan,nan,nan,-5.564648117839588078e-03,nan,nan,nan,-1.112929623567919871e-02,nan,-6.219312602291316057e-03,nan,nan,nan,nan,nan,nan,nan,nan,nan,1.047463175122751410e-02,nan,nan,7.855973813420602178e-03,nan,nan,-4.255319148936176354e-03,nan,nan,7.528641571194816251e-03,nan,nan,nan,nan,nan,nan,-2.291325695581014534e-03,nan,nan,nan,nan,nan
nan,nan,-9.884678747940679050e-03,nan,nan,nan,nan,nan,nan,nan,nan,nan,nan,nan,nan,nan,nan,nan,nan,nan,nan,nan,nan,-1.054365733113673577e-02,nan,nan,nan,-1.186161449752882666e-02,nan,nan,nan,-1.482701812191102898e-02,nan,nan,nan,nan,nan,nan,nan,nan,nan,nan,nan,2.220446049250313204e-17,nan,nan,-9.555189456342660231e-03,nan,nan,-8.896210873146626064e-03,nan,nan,-4.942339373970305698e-03,nan,nan,nan,nan,3.294892915980241095e-03,nan,-3.953871499176253579e-03,nan,nan,nan,nan,nan
nan,nan,-7.830342577487780370e-03,nan,nan,nan,nan,nan,nan,nan,nan,nan,nan,nan,nan,nan,nan,nan,nan,nan,nan,nan,nan,-9.461663947797727819e-03,nan,nan,nan,-1.109298531810769609e-02,nan,nan,nan,-1.076672104404570104e-02,nan,nan,nan,nan,nan,nan,nan,nan,nan,nan,nan,1.076672104404563513e-02,nan,nan,5.220228384991832185e-03,nan,nan,3.262642740619869745e-03,nan,nan,6.199021207177812971e-03,nan,nan,nan,nan,2.610114192495882699e-03,nan,6.851549755301755348e-03,nan,nan,nan,nan,nan
nan,nan,-2.036124794745481845e-02,nan,nan,nan,nan,nan,nan,nan,nan,nan,nan,nan,nan,nan,nan,nan,nan,nan,nan,nan,nan,-1.970443349753692175e-02,nan,nan,nan,-2.200328407224956193e-02,nan,nan,nan,-2.266009852216745862e-02,nan,-1.904761904761902505e-02,nan,nan,nan,nan,nan,nan,nan,nan,nan,9.852216748768461308e-04,nan,nan,1.970443349753692262e-03,nan,nan,-1.083743842364530766e-02,nan,nan,4.269293924466332872e-03,nan,nan,nan,nan,nan,nan,-6.896551724137922265e-03,nan,nan,nan,nan,nan
nan,nan,-1.749174917491753620e-02,nan,nan,nan,nan,nan,nan,nan,nan,nan,nan,nan,nan,nan,nan,nan,nan,nan,nan,nan,nan,-1.650165016501654522e-02,nan,nan,nan,-1.518151815181523201e-02,nan,nan,nan,-1.221122112211223652e-02,nan,-1.155115511551159033e-02,nan,nan,nan,nan,nan,nan,nan,nan,nan,1.980198019801937721e-03,nan,nan,3.960396039603919678e-03,nan,nan,2.310231023102282504e-03,nan,nan,8.580858085808551472e-03,nan,nan,nan,nan,nan,nan,-4.950495049504999127e-03,nan,nan,nan,nan,nan
nan,nan,-1.579831932773114594e-02,nan,nan,nan,nan,nan,nan,nan,nan,nan,nan,nan,nan,nan,nan,nan,nan,nan,nan,nan,nan,-2.285714285714286406e-02,nan,nan,nan,-2.319327731092439907e-02,nan,nan,nan,-2.487394957983195612e-02,nan,-1.815126050420170362e-02,nan,nan,nan,nan,nan,nan,nan,nan,nan,-3.361344537815114217e-04,nan,nan,2.689075630252091374e-03,nan,nan,-1.008403361344538743e-02,nan,nan,-1.680672268907579172e-03,nan,nan,nan,nan,nan,nan,-8.067226890756295371e-03,nan,nan,nan,nan,nan
nan,nan,-9.589041095890361160e-03,nan,nan,nan,nan,nan,nan,nan,nan,nan,nan,nan,nan,nan,nan,nan,nan,nan,nan,nan,nan,-1.438356164383556256e-02,nan,nan,nan,-1.095890410958897353e-02,nan,nan,nan,-1.095890410958897353e-02,nan,nan,nan,nan,nan,nan,nan,nan,nan,nan,nan,7.534246575342495519e-03,nan,nan,5.821917808219256515e-03,nan,nan,-4.794520547945135477e-03,nan,nan,5.136986301369894821e-03,nan,nan,nan,nan,3.767123287671281153e-03,nan,8.219178082191812978e-03,nan,nan,nan,nan,nan
nan,nan,-6.535947712418721956e-04,nan,nan,nan,nan,nan,nan,nan,nan,nan,nan,nan,nan,nan,nan,nan,nan,nan,nan,nan,nan,-1.666666666666671848e-02,nan,nan,nan,-7.189542483660216199e-03,nan,nan,nan,-1.209150326797392427e-02,nan,nan,nan,nan,nan,nan,nan,nan,nan,nan,nan,7.189542483660105177e-03,nan,nan,3.267973856208694736e-04,nan,nan,-7.843137254902021391e-03,nan,nan,2.941176470588202727e-03,nan,nan,nan,nan,7.189542483660082625e-03,nan,-2.287581699346463888e-03,nan,nan,nan,nan,nan
nan,nan,-4.885993485342021714e-03,nan,nan,nan,nan,nan,nan,nan,nan,nan,nan,nan,nan,nan,nan,nan,nan,nan,nan,nan,nan,-1.400651465798046294e-02,nan,nan,nan,-7.491856677524433121e-03,nan,nan,nan,-1.140065146579805067e-02,nan,nan,nan,nan,nan,nan,nan,nan,nan,nan,nan,6.514657980456028952e-03,nan,nan,9.771986970684043861e-04,nan,nan,-1.954397394136808772e-03,nan,nan,3.257328990228014259e-04,nan,nan,nan,nan,5.211726384364822814e-03,nan,4.560260586319220613e-03,nan,nan,nan,nan,nan
nan,nan,3.257328990228014259e-04,nan,nan,nan,nan,nan,nan,nan,nan,nan,nan,nan,nan,nan,nan,nan,nan,nan,nan,nan,nan,-1.205211726384365287e-02,nan,nan,nan,-6.514657980456028952e-03,nan,nan,nan,-7.817589576547235089e-03,nan,nan,nan,nan,nan,nan,nan,nan,nan,nan,nan,4.885993485342021714e-03,nan,nan,3.908794788273617545e-03,nan,nan,4.234527687296418645e-03,nan,nan,-3.908794788273617545e-03,nan,nan,nan,nan,6.514657980456028952e-03,nan,2.605863192182411407e-03,nan,nan,nan,nan,nan
nan,nan,2.597402597402598268e-03,nan,nan,nan,nan,nan,nan,nan,nan,nan,nan,nan,nan,nan,nan,nan,nan,nan,nan,nan,nan,-1.168831168831170261e-02,nan,nan,nan,-4.220779220779213511e-03,nan,nan,nan,-7.792207792207794803e-03,nan,nan,nan,nan,nan,nan,nan,nan,nan,nan,nan,1.168831168831168180e-02,nan,nan,8.766233766233755276e-03,nan,nan,9.740259740259604726e-04,nan,nan,3.896103896103886126e-03,nan,nan,nan,nan,-2.220446049250313204e-17,nan,3.571428571428558740e-03,nan,nan,nan,nan,nan
nan,nan,-1.553719008264466996e-02,nan,nan,nan,nan,nan,nan,nan,nan,nan,nan,nan,nan,nan,nan,nan,nan,nan,nan,nan,nan,-2.380165289256202035e-02,nan,nan,nan,-1.917355371900830718e-02,nan,nan,nan,-2.280991735537194615e-02,nan,-2.314049586776865258e-02,nan,nan,nan,nan,nan,nan,nan,nan,nan,8.595041322314011731e-03,nan,nan,4.628099173553690618e-03,nan,nan,-1.454545454545461657e-02,nan,nan,2.975206611570158002e-03,nan,nan,nan,nan,nan,nan,-5.289256198347147726e-03,nan,nan,nan,nan,nan
nan,nan,-7.936507936507885760e-03,nan,nan,nan,nan,nan,nan,nan,nan,nan,nan,nan,nan,nan,nan,nan,nan,nan,nan,nan,nan,nan,nan,nan,nan,-1.206349206349202098e-02,nan,nan,nan,-6.349206349206326649e-03,nan,-6.349206349205882994e-04,nan,nan,nan,nan,nan,nan,nan,nan,nan,4.444444444444495615e-03,nan,nan,-1.587301587301515092e-03,nan,nan,-5.079365079365061146e-03,nan,nan,3.174603174603230112e-03,nan,nan,nan,nan,8.571428571428651652e-03,nan,3.174603174603829459e-04,nan,nan,nan,nan,nan
nan,nan,-1.617161716171620217e-02,nan,nan,nan,nan,nan,nan,nan,nan,nan,nan,nan,nan,nan,nan,nan,nan,nan,nan,nan,nan,-1.683168316831686745e-02,nan,nan,nan,-1.551155115511557679e-02,nan,nan,nan,-2.046204620462050913e-02,nan,-2.178217821782182234e-02,nan,nan,nan,nan,nan,nan,nan,nan,nan,2.640264026402583484e-03,nan,nan,-3.300330033003895597e-04,nan,nan,-7.590759075907648964e-03,nan,nan,3.300330033002785374e-04,nan,nan,nan,nan,nan,nan,-4.290429042904308696e-03,nan,nan,nan,nan,nan
nan,nan,-1.785714285714285962e-02,nan,nan,nan,nan,nan,nan,nan,nan,nan,nan,nan,nan,nan,nan,nan,nan,nan,nan,nan,nan,-2.045454545454545789e-02,nan,nan,nan,-1.266233766233768564e-02,nan,nan,nan,-1.103896103896107039e-02,nan,nan,nan,nan,nan,nan,nan,nan,nan,nan,nan,-2.597402597402598268e-03,nan,nan,-3.246753246753275482e-04,nan,nan,-3.896103896103908677e-03,nan,nan,-3.571428571428602976e-03,nan,nan,nan,nan,9.090909090909060977e-03,nan,2.922077922077903536e-03,nan,nan,nan,nan,nan
nan,nan,-2.016260162601626188e-02,nan,nan,nan,nan,nan,nan,nan,nan,nan,nan,nan,nan,nan,nan,nan,nan,nan,nan,nan,nan,-2.796747967479673580e-02,nan,nan,nan,-2.146341463414631542e-02,nan,nan,nan,-1.756097560975609234e-02,nan,-2.178861788617885223e-02,nan,nan,nan,nan,nan,nan,nan,nan,nan,-4.552845528455251589e-03,nan,nan,-5.853658536585348501e-03,nan,nan,-1.528455284552843185e-02,nan,nan,4.227642276422760755e-03,nan,nan,nan,nan,nan,nan,-1.073170731707313516e-02,nan,nan,nan,nan,nan
nan,nan,-4.207119741100284922e-03,nan,nan,nan,nan,nan,nan,nan,nan,nan,nan,nan,nan,nan,nan,nan,nan,nan,nan,nan,nan,-1.585760517799350566e-02,nan,nan,nan,-1.165048543689317651e-02,nan,nan,nan,-5.177993527508029104e-03,nan,nan,nan,nan,nan,nan,nan,nan,nan,nan,nan,-2.265372168284751457e-03,nan,nan,-3.883495145631021828e-03,nan,nan,-4.207119741100284922e-03,nan,nan,-6.796116504854343709e-03,nan,nan,nan,nan,-4.854368932038788560e-03,nan,-1.941747572815488796e-03,nan,nan,nan,nan,nan
nan,nan,-1.619834710743797007e-02,nan,nan,nan,nan,nan,nan,nan,nan,nan,nan,nan,nan,nan,nan,nan,nan,nan,nan,nan,nan,-1.553719008264460230e-02,nan,nan,nan,-9.586776859504065121e-03,nan,nan,nan,-1.090909090909086832e-02,nan,nan,nan,nan,nan,nan,nan,nan,nan,nan,nan,1.322314049586825746e-03,nan,nan,-1.322314049586736841e-03,nan,nan,-2.644628099173518352e-03,nan,nan,6.611570247933929237e-03,nan,nan,nan,nan,2.975206611570269024e-03,nan,9.917355371901414272e-04,nan,nan,nan,nan,nan
nan,nan,-1.797385620915030804e-02,nan,nan,nan,nan,nan,nan,nan,nan,nan,nan,nan,nan,nan,nan,nan,nan,nan,nan,nan,nan,-2.679738562091504850e-02,nan,nan,nan,-1.830065359477124273e-02,nan,nan,nan,-1.993464052287581209e-02,nan,-2.222222222222223348e-02,nan,nan,nan,nan,nan,nan,nan,nan,nan,7.516339869281041600e-03,nan,nan,5.882352941176449690e-03,nan,nan,-5.228758169934621947e-03,nan,nan,3.594771241830052588e-03,nan,nan,nan,nan,nan,nan,-6.535947712418277433e-03,nan,nan,nan,nan,nan
nan,nan,-1.897106109324751128e-02,nan,nan,nan,nan,nan,nan,nan,nan,nan,nan,nan,nan,nan,nan,nan,nan,nan,nan,nan,nan,-2.315112540192920676e-02,nan,nan,nan,-2.282958199356908274e-02,nan,nan,nan,-2.154340836012855892e-02,nan,-1.350482315112533360e-02,nan,nan,nan,nan,nan,nan,nan,nan,nan,6.430868167202951962e-04,nan,nan,-6.109324758842404890e-03,nan,nan,-5.144694533762028503e-03,nan,nan,2.572347266881069763e-03,nan,nan,nan,nan,nan,nan,-6.430868167202508090e-03,nan,nan,nan,nan,nan
nan,nan,-1.566068515497547400e-02,nan,nan,nan,nan,nan,nan,nan,nan,nan,nan,nan,nan,nan,nan,nan,nan,nan,nan,nan,nan,-8.482871125611680246e-03,nan,nan,nan,-1.141924959216957837e-02,nan,nan,nan,-1.500815660685153076e-02,nan,-1.207177814029358753e-02,nan,nan,nan,nan,nan,nan,nan,nan,nan,9.787928221859787045e-03,nan,nan,8.156606851549841330e-03,nan,nan,-1.957585644371917337e-03,nan,nan,2.610114192495971604e-03,nan,nan,nan,nan,nan,nan,2.936378466557964910e-03,nan,nan,nan,nan,nan
nan,nan,-1.631321370309948143e-02,nan,nan,nan,nan,nan,nan,nan,nan,nan,nan,nan,nan,nan,nan,nan,nan,nan,nan,nan,nan,-1.794453507340942888e-02,nan,nan,nan,-1.663947797716147647e-02,nan,nan,nan,-1.761827079934743384e-02,nan,-1.924959216965740211e-02,nan,nan,nan,nan,nan,nan,nan,nan,nan,5.220228384991876421e-03,nan,nan,-2.283849918433911077e-03,nan,nan,-7.504078303425765380e-03,nan,nan,2.610114192495971604e-03,nan,nan,nan,nan,nan,nan,-3.915171288743857225e-03,nan,nan,nan,nan,nan
nan,nan,-1.132686084142398020e-02,nan,nan,nan,nan,nan,nan,nan,nan,nan,nan,nan,nan,nan,nan,nan,nan,nan,nan,nan,nan,-1.521035598705502458e-02,nan,nan,nan,-1.067961165048547656e-02,nan,nan,nan,-6.796116504854410496e-03,nan,nan,nan,nan,nan,nan,nan,nan,nan,nan,nan,-1.941747572815577484e-03,nan,nan,3.236245954692518190e-03,nan,nan,-6.472491909385124850e-03,nan,nan,9.708737864076999458e-04,nan,nan,nan,nan,7.119741100323584253e-03,nan,-9.708737864077887419e-04,nan,nan,nan,nan,nan
nan,nan,-1.331168831168829704e-02,nan,nan,nan,nan,nan,nan,nan,nan,nan,nan,nan,nan,nan,nan,nan,nan,nan,nan,nan,nan,-1.850649350649351613e-02,nan,nan,nan,-1.266233766233764227e-02,nan,nan,nan,-1.038961038961039307e-02,nan,nan,nan,nan,nan,nan,nan,nan,nan,nan,nan,-2.922077922077925653e-03,nan,nan,-1.298701298701288075e-03,nan,nan,-7.467532467532444866e-03,nan,nan,-3.896103896103886126e-03,nan,nan,nan,nan,-1.623376623376637795e-03,nan,-3.896103896103864008e-03,nan,nan,nan,nan,nan
nan,nan,-3.600654664484404140e-03,nan,nan,nan,nan,nan,nan,nan,nan,nan,nan,nan,nan,nan,nan,nan,nan,nan,nan,nan,nan,-1.505728314238947638e-02,nan,nan,nan,-6.546644844517124535e-03,nan,nan,nan,-7.855973813420579627e-03,nan,nan,nan,nan,nan,nan,nan,nan,nan,nan,nan,1.963993453355206056e-03,nan,nan,2.945990180032764631e-03,nan,nan,6.546644844517724316e-04,nan,nan,3.273322422258662014e-03,nan,nan,nan,nan,-9.819967266775364578e-04,nan,5.564648117839654864e-03,nan,nan,nan,nan,nan
nan,nan,-1.040650406504068856e-02,nan,nan,nan,nan,nan,nan,nan,nan,nan,nan,nan,nan,nan,nan,nan,nan,nan,nan,nan,nan,-9.105691056910614201e-03,nan,nan,nan,-1.040650406504071111e-02,nan,nan,nan,-1.170731707317076466e-02,nan,nan,nan,nan,nan,nan,nan,nan,nan,nan,nan,1.430894308943087001e-02,nan,nan,9.105691056910525730e-03,nan,nan,4.552845528455251589e-03,nan,nan,1.268292682926825884e-02,nan,nan,nan,nan,5.203252032520300045e-03,nan,6.504065040650042206e-04,nan,nan,nan,nan,nan
nan,nan,-1.152000000000001981e-02,nan,nan,nan,nan,nan,nan,nan,nan,nan,nan,nan,nan,nan,nan,nan,nan,nan,nan,nan,nan,-2.048000000000003290e-02,nan,nan,nan,-1.152000000000001981e-02,nan,nan,nan,-9.920000000000017346e-03,nan,nan,nan,nan,nan,nan,nan,nan,nan,nan,nan,6.719999999999970788e-03,nan,nan,-3.200000000000313596e-04,nan,nan,-1.280000000000014416e-03,nan,nan,8.959999999999967990e-03,nan,nan,nan,nan,9.919999999999951426e-03,nan,-6.400000000000404931e-04,nan,nan,nan,nan,nan
nan,nan,9.819967266775364578e-04,nan,nan,nan,nan,nan,nan,nan,nan,nan,nan,nan,nan,nan,nan,nan,nan,nan,nan,nan,nan,-2.618657937806911917e-03,nan,nan,nan,-5.891980360065507578e-03,nan,nan,nan,-8.510638297872375260e-03,nan,nan,nan,nan,nan,nan,nan,nan,nan,nan,nan,1.112929623567917616e-02,nan,nan,4.909983633387837547e-03,nan,nan,-3.927986906710367876e-03,nan,nan,7.201309328968852515e-03,nan,nan,nan,nan,5.891980360065418240e-03,nan,2.291325695580992416e-03,nan,nan,nan,nan,nan
nan,nan,-9.493670886075555437e-04,nan,nan,nan,nan,nan,nan,nan,nan,nan,nan,nan,nan,nan,nan,nan,nan,nan,nan,nan,nan,-2.848101265822755752e-03,nan,nan,nan,-4.746835443037955744e-03,nan,nan,nan,-8.860759493670822273e-03,nan,nan,nan,nan,nan,nan,nan,nan,nan,nan,nan,2.848101265822822106e-03,nan,nan,2.531645569620288774e-03,nan,nan,7.278481012658266636e-03,nan,nan,6.012658227848133308e-03,nan,nan,nan,nan,1.075949367088613329e-02,nan,2.220446049250313204e-17,nan,nan,nan,nan,nan
nan,nan,-1.333333333333333072e-02,nan,nan,nan,nan,nan,nan,nan,nan,nan,nan,nan,nan,nan,nan,nan,nan,nan,nan,nan,nan,-1.886178861788616670e-02,nan,nan,nan,-1.398373983739835749e-02,nan,nan,nan,-1.560975609756096692e-02,nan,nan,nan,nan,nan,nan,nan,nan,nan,nan,nan,-4.227642276422716519e-03,nan,nan,-4.227642276422716519e-03,nan,nan,-1.105691056910564941e-02,nan,nan,-4.878048780487786659e-03,nan,nan,nan,nan,-1.626016260162543945e-03,nan,-2.601626016260127905e-03,nan,nan,nan,nan,nan
nan,nan,-1.131447587354408348e-02,nan,nan,nan,nan,nan,nan,nan,nan,nan,nan,nan,nan,nan,nan,nan,nan,nan,nan,nan,nan,-1.863560732113143242e-02,nan,nan,nan,-1.297836938435938982e-02,nan,nan,nan,-1.763727121464224792e-02,nan,nan,nan,nan,nan,nan,nan,nan,nan,nan,nan,-2.995008319467551330e-03,nan,nan,-3.327787021630612468e-04,nan,nan,-1.064891846921795990e-02,nan,nan,4.991680532445919027e-03,nan,nan,nan,nan,4.326123128119796317e-03,nan,-9.983361064891838488e-04,nan,nan,nan,nan,nan
nan,nan,-6.774193548387086143e-03,nan,nan,nan,nan,nan,nan,nan,nan,nan,nan,nan,nan,nan,nan,nan,nan,nan,nan,nan,nan,-1.354838709677421739e-02,nan,nan,nan,-9.354838709677414793e-03,nan,nan,nan,-5.806451612903251389e-03,nan,nan,nan,nan,nan,nan,nan,nan,nan,nan,nan,7.741935483870965133e-03,nan,nan,6.774193548387086143e-03,nan,nan,-3.548387096774185956e-03,nan,nan,1.612903225806427976e-03,nan,nan,nan,nan,6.451612903225800374e-03,nan,4.193548387096779177e-03,nan,nan,nan,nan,nan
nan,nan,-1.865793780687399067e-02,nan,nan,nan,nan,nan,nan,nan,nan,nan,nan,nan,nan,nan,nan,nan,nan,nan,nan,nan,nan,-2.258592471358429263e-02,nan,nan,nan,-1.702127659574468460e-02,nan,nan,nan,-2.193126022913258893e-02,nan,-1.472995090016369045e-02,nan,nan,nan,nan,nan,nan,nan,nan,nan,2.945990180032742514e-03,nan,nan,6.219312602291316057e-03,nan,nan,-1.309328968903438264e-02,nan,nan,-4.255319148936176354e-03,nan,nan,nan,nan,nan,nan,-7.201309328968896750e-03,nan,nan,nan,nan,nan
nan,nan,-1.976935749588135810e-02,nan,nan,nan,nan,nan,nan,nan,nan,nan,nan,nan,nan,nan,nan,nan,nan,nan,nan,nan,nan,-2.866556836902793906e-02,nan,nan,nan,-2.108731466227344725e-02,nan,nan,nan,-2.504118616144970083e-02,nan,-2.405271828665562703e-02,nan,nan,nan,nan,nan,nan,nan,nan,nan,1.976935749588193576e-03,nan,nan,-2.965403624382156791e-03,nan,nan,-1.120263591433272657e-02,nan,nan,-5.601317957166363284e-03,nan,nan,nan,nan,nan,nan,-9.555189456342639415e-03,nan,nan,nan,nan,nan
nan,nan,-1.553090332805076058e-02,nan,nan,nan,nan,nan,nan,nan,nan,nan,nan,nan,nan,nan,nan,nan,nan,nan,nan,nan,nan,-2.028526148969893653e-02,nan,nan,nan,-2.028526148969893653e-02,nan,nan,nan,-2.313787638668782926e-02,nan,-1.933438985736928364e-02,nan,nan,nan,nan,nan,nan,nan,nan,nan,-3.803486529318589413e-03,nan,nan,-7.290015847860575535e-03,nan,nan,-1.141045958795565765e-02,nan,nan,-3.169572107765805777e-04,nan,nan,nan,nan,nan,nan,-9.508716323296417805e-03,nan,nan,nan,nan,nan
nan,nan,-1.100323624595471797e-02,nan,nan,nan,nan,nan,nan,nan,nan,nan,nan,nan,nan,nan,nan,nan,nan,nan,nan,nan,nan,-1.100323624595471797e-02,nan,nan,nan,-1.197411003236250639e-02,nan,nan,nan,-1.618122977346281299e-02,nan,nan,nan,nan,nan,nan,nan,nan,nan,nan,nan,6.796116504854321158e-03,nan,nan,4.207119741100284922e-03,nan,nan,-7.443365695792914134e-03,nan,nan,9.708737864077443980e-04,nan,nan,nan,nan,9.708737864077443980e-04,nan,9.708737864077221719e-04,nan,nan,nan,nan,nan
nan,nan,-1.838709677419358979e-02,nan,nan,nan,nan,nan,nan,nan,nan,nan,nan,nan,nan,nan,nan,nan,nan,nan,nan,nan,nan,-2.387096774193548862e-02,nan,nan,nan,-1.774193548387099570e-02,nan,nan,nan,-2.225806451612903983e-02,nan,-2.548387096774196170e-02,nan,nan,nan,nan,nan,nan,nan,nan,nan,-1.935483870967757980e-03,nan,nan,-1.935483870967757980e-03,nan,nan,-1.354838709677423994e-02,nan,nan,2.580645161290306966e-03,nan,nan,nan,nan,nan,nan,-8.709677419354844990e-03,nan,nan,nan,nan,nan
nan,nan,-2.380165289256193015e-02,nan,nan,nan,nan,nan,nan,nan,nan,nan,nan,nan,nan,nan,nan,nan,nan,nan,nan,nan,nan,-2.975206611570242396e-02,nan,nan,nan,-2.743801652892556911e-02,nan,nan,nan,-2.644628099173547062e-02,nan,-2.578512396694212366e-02,nan,nan,nan,nan,nan,nan,nan,nan,nan,5.289256198347169410e-03,nan,nan,-6.942148760330568887e-03,nan,nan,-5.289256198347058388e-03,nan,nan,1.983471074380216501e-03,nan,nan,nan,nan,nan,nan,-1.057851239669416188e-02,nan,nan,nan,nan,nan
nan,nan,-1.726384364820847742e-02,nan,nan,nan,nan,nan,nan,nan,nan,nan,nan,nan,nan,nan,nan,nan,nan,nan,nan,nan,nan,-2.312703583061890417e-02,nan,nan,nan,-1.693811074918567458e-02,nan,nan,nan,-2.052117263843649189e-02,nan,-1.563517915309447018e-02,nan,nan,nan,nan,nan,nan,nan,nan,nan,2.605863192182411407e-03,nan,nan,6.188925081433227851e-03,nan,nan,-2.931596091205212942e-03,nan,nan,6.514657980456006400e-03,nan,nan,nan,nan,nan,nan,-1.042345276872964563e-02,nan,nan,nan,nan,nan
nan,nan,-7.836990595611270649e-03,nan,nan,nan,nan,nan,nan,nan,nan,nan,nan,nan,nan,nan,nan,nan,nan,nan,nan,nan,nan,-8.777429467084619033e-03,nan,nan,nan,-1.191222570532914950e-02,nan,nan,nan,-1.222570532915356889e-02,nan,-1.159874608150468500e-02,nan,nan,nan,nan,nan,nan,nan,nan,nan,6.896551724137922265e-03,nan,nan,9.404388714733546289e-03,nan,nan,2.507836990595602340e-03,nan,nan,7.210031347962386761e-03,nan,nan,nan,nan,nan,nan,-3.448275862068950291e-03,nan,nan,nan,nan,nan
nan,nan,-9.150326797385588407e-03,nan,nan,nan,nan,nan,nan,nan,nan,nan,nan,nan,nan,nan,nan,nan,nan,nan,nan,nan,nan,-1.209150326797381325e-02,nan,nan,nan,-7.189542483660105177e-03,nan,nan,nan,-8.496732026143760663e-03,nan,nan,nan,nan,nan,nan,nan,nan,nan,nan,nan,3.267973856209360978e-04,nan,nan,8.496732026143826583e-03,nan,nan,-6.862745098039191305e-03,nan,nan,-4.575163398692794203e-03,nan,nan,nan,nan,5.882352941176472241e-03,nan,-3.921568627450943909e-03,nan,nan,nan,nan,nan
nan,nan,-2.541806020066888008e-02,nan,nan,nan,nan,nan,nan,nan,nan,nan,nan,nan,nan,nan,nan,nan,nan,nan,nan,nan,nan,-2.842809364548493090e-02,nan,nan,nan,-2.307692307692306086e-02,nan,nan,nan,-3.344481605351168341e-02,nan,-2.943143812709028001e-02,nan,nan,nan,nan,nan,nan,nan,nan,nan,1.070234113712373834e-02,nan,nan,8.361204013377920852e-03,nan,nan,-1.137123745819397166e-02,nan,nan,1.003344481605350415e-03,nan,nan,nan,nan,nan,nan,-7.023411371237453342e-03,nan,nan,nan,nan,nan
nan,nan,-8.455284552845544060e-03,nan,nan,nan,nan,nan,nan,nan,nan,nan,nan,nan,nan,nan,nan,nan,nan,nan,nan,nan,nan,-1.593495934959352628e-02,nan,nan,nan,-3.577235772357733982e-03,nan,nan,nan,-1.268292682926832650e-02,nan,nan,nan,nan,nan,nan,nan,nan,nan,nan,nan,6.178861788617884439e-03,nan,nan,1.951219512195145802e-03,nan,nan,-4.227642276422782439e-03,nan,nan,-2.601626016260127905e-03,nan,nan,nan,nan,2.926829268292663409e-03,nan,1.626016260162588180e-03,nan,nan,nan,nan,nan
nan,nan,-1.023999999999998176e-02,nan,nan,nan,nan,nan,nan,nan,nan,nan,nan,nan,nan,nan,nan,nan,nan,nan,nan,nan,nan,-3.519999999999967599e-03,nan,nan,nan,-1.919999999999966222e-03,nan,nan,nan,-8.639999999999958477e-03,nan,nan,nan,nan,nan,nan,nan,nan,nan,nan,nan,1.440000000000003430e-02,nan,nan,8.960000000000033910e-03,nan,nan,3.520000000000034386e-03,nan,nan,5.120000000000035981e-03,nan,nan,nan,nan,1.056000000000003637e-02,nan,4.160000000000052545e-03,nan,nan,nan,nan,nan
nan,nan,-6.451612903226155559e-04,nan,nan,nan,nan,nan,nan,nan,nan,nan,nan,nan,nan,nan,nan,nan,nan,nan,nan,nan,nan,-1.612903225806516880e-03,nan,nan,nan,-9.677419354839234423e-04,nan,nan,nan,-6.451612903226377821e-04,nan,nan,nan,nan,nan,nan,nan,nan,nan,nan,nan,8.709677419354777336e-03,nan,nan,9.354838709677348874e-03,nan,nan,2.580645161290284848e-03,nan,nan,1.032258064516122786e-02,nan,nan,nan,nan,1.096774193548377685e-02,nan,1.935483870967691410e-03,nan,nan,nan,nan,nan
nan,nan,-7.201309328968896750e-03,nan,nan,nan,nan,nan,nan,nan,nan,nan,nan,nan,nan,nan,nan,nan,nan,nan,nan,nan,nan,-1.309328968903436009e-02,nan,nan,nan,-4.582651391162007384e-03,nan,nan,nan,-1.047463175122749154e-02,nan,nan,nan,nan,nan,nan,nan,nan,nan,nan,nan,4.255319148936176354e-03,nan,nan,-8.510638297872307606e-03,nan,nan,2.291325695581014534e-03,nan,nan,-3.273322422258617779e-03,nan,nan,nan,nan,1.963993453355161820e-03,nan,-8.837970540098183739e-03,nan,nan,nan,nan,nan
nan,nan,3.241491085900216618e-04,nan,nan,nan,nan,nan,nan,nan,nan,nan,nan,nan,nan,nan,nan,nan,nan,nan,nan,nan,nan,-6.807131280388923136e-03,nan,nan,nan,3.241491085899994356e-04,nan,nan,nan,-2.269043760129618639e-03,nan,nan,nan,nan,nan,nan,nan,nan,nan,nan,nan,9.076175040518674048e-03,nan,nan,3.889789303079460667e-03,nan,nan,1.296596434359864602e-03,nan,nan,7.455429497568921357e-03,nan,nan,nan,nan,4.538087520259370851e-03,nan,3.565640194489505359e-03,nan,nan,nan,nan,nan
nan,nan,1.282051282051277497e-03,nan,nan,nan,nan,nan,nan,nan,nan,nan,nan,nan,nan,nan,nan,nan,nan,nan,nan,nan,nan,-4.807692307692313163e-03,nan,nan,nan,-7.051282051282048782e-03,nan,nan,nan,-8.974358974358965027e-03,nan,nan,nan,nan,nan,nan,nan,nan,nan,nan,nan,5.769230769230748734e-03,nan,nan,3.846153846153832490e-03,nan,nan,-7.371794871794868156e-03,nan,nan,4.807692307692290612e-03,nan,nan,nan,nan,7.371794871794845605e-03,nan,-5.128205128205109986e-03,nan,nan,nan,nan,nan
nan,nan,-1.245791245791245602e-02,nan,nan,nan,nan,nan,nan,nan,nan,nan,nan,nan,nan,nan,nan,nan,nan,nan,nan,nan,nan,-2.491582491582493633e-02,nan,nan,nan,-1.649831649831650163e-02,nan,nan,nan,-1.885521885521888180e-02,nan,nan,nan,nan,nan,nan,nan,nan,nan,nan,nan,-3.703703703703720325e-03,nan,nan,-3.030303030303027698e-03,nan,nan,-1.986531986531985330e-02,nan,nan,-1.414141414141416656e-02,nan,nan,nan,nan,-3.367003367003395913e-03,nan,-1.245791245791250113e-02,nan,nan,nan,nan,nan
nan,nan,-1.205564142194746023e-02,nan,nan,nan,nan,nan,nan,nan,nan,nan,nan,nan,nan,nan,nan,nan,nan,nan,nan,nan,nan,-1.947449768160742709e-02,nan,nan,nan,-1.885625965996913164e-02,nan,nan,nan,-2.411128284389494475e-02,nan,-2.009273570324581273e-02,nan,nan,nan,nan,nan,nan,nan,nan,nan,-1.545595054095860689e-03,nan,nan,-9.891808346213327302e-03,nan,nan,-3.091190108191677142e-03,nan,nan,9.273570324574542233e-04,nan,nan,nan,nan,nan,nan,-2.163833075734200584e-03,nan,nan,nan,nan,nan
nan,nan,-9.935897435897400598e-03,nan,nan,nan,nan,nan,nan,nan,nan,nan,nan,nan,nan,nan,nan,nan,nan,nan,nan,nan,nan,-1.217948717948713622e-02,nan,nan,nan,-1.185897435897431684e-02,nan,nan,nan,-1.089743589743585872e-02,nan,-1.057692307692303935e-02,nan,nan,nan,nan,nan,nan,nan,nan,nan,6.410256410256475954e-03,nan,nan,-5.769230769230726183e-03,nan,nan,-4.807692307692290612e-03,nan,nan,-4.487179487179471238e-03,nan,nan,nan,nan,nan,nan,-9.935897435897400598e-03,nan,nan,nan,nan,nan
nan,nan,-7.779578606158854548e-03,nan,nan,nan,nan,nan,nan,nan,nan,nan,nan,nan,nan,nan,nan,nan,nan,nan,nan,nan,nan,-1.588330632090766484e-02,nan,nan,nan,-1.069692058346844929e-02,nan,nan,nan,-1.426256077795788960e-02,nan,nan,nan,nan,nan,nan,nan,nan,nan,nan,nan,2.269043760129640756e-03,nan,nan,-1.069692058346842847e-02,nan,nan,-7.455429497568877122e-03,nan,nan,3.889789303079393881e-03,nan,nan,nan,nan,-6.482982171799323012e-04,nan,3.241491085899506248e-03,nan,nan,nan,nan,nan
nan,nan,-1.454545454545450554e-02,nan,nan,nan,nan,nan,nan,nan,nan,nan,nan,nan,nan,nan,nan,nan,nan,nan,nan,nan,nan,-2.578512396694210285e-02,nan,nan,nan,-1.917355371900819616e-02,nan,nan,nan,-1.884297520661151054e-02,nan,-2.016528925619829465e-02,nan,nan,nan,nan,nan,nan,nan,nan,nan,-2.975206611570180119e-03,nan,nan,-7.272727272727185985e-03,nan,nan,-9.586776859504087672e-03,nan,nan,-1.355371900826440879e-02,nan,nan,nan,nan,nan,nan,-8.595041322314011731e-03,nan,nan,nan,nan,nan
nan,nan,-1.256198347107433458e-02,nan,nan,nan,nan,nan,nan,nan,nan,nan,nan,nan,nan,nan,nan,nan,nan,nan,nan,nan,nan,-2.446280991735532220e-02,nan,nan,nan,-2.512396694214868997e-02,nan,nan,nan,-2.115702479338838968e-02,nan,-1.487603305785116861e-02,nan,nan,nan,nan,nan,nan,nan,nan,nan,-3.305785123966176403e-04,nan,nan,-4.297520661156961630e-03,nan,nan,-1.223140495867762814e-02,nan,nan,-1.090909090909086832e-02,nan,nan,nan,nan,nan,nan,-1.157024793388425864e-02,nan,nan,nan,nan,nan
nan,nan,-1.799660441426143009e-02,nan,nan,nan,nan,nan,nan,nan,nan,nan,nan,nan,nan,nan,nan,nan,nan,nan,nan,nan,nan,-2.308998302207130454e-02,nan,nan,nan,-1.901528013582345217e-02,nan,nan,nan,-2.037351443123937983e-02,nan,-2.207130730050932410e-02,nan,nan,nan,nan,nan,nan,nan,nan,nan,-7.470288624787757396e-03,nan,nan,-2.037351443123935728e-03,nan,nan,-1.765704584040743777e-02,nan,nan,-7.809847198641750587e-03,nan,nan,nan,nan,nan,nan,-1.018675721561967951e-02,nan,nan,nan,nan,nan
