nan,nan,3.370786516854007257e-03,nan,nan,nan,nan,nan,nan,nan,nan,nan,nan,nan,nan,nan,nan,nan,nan,nan,nan,nan,nan,3.651685393258485672e-03,nan,nan,nan,7.022471910112427010e-03,nan,nan,nan,2.247191011236005127e-03,nan,5.056179775280944533e-03,nan,nan,nan,nan,nan,nan,nan,nan,nan,2.528089887640505660e-03,nan,nan,0.000000000000000000e+00,nan,nan,0.000000000000000000e+00,nan,nan,0.000000000000000000e+00,nan,nan,nan,nan,nan,nan,0.000000000000000000e+00,nan,nan,nan,nan,nan
nan,nan,1.604426002766255049e-02,nan,nan,nan,nan,nan,nan,nan,nan,nan,nan,nan,nan,nan,nan,nan,nan,nan,nan,nan,nan,1.355463347164591673e-02,nan,nan,nan,2.102351313969572782e-02,nan,nan,nan,1.936376210235135620e-02,nan,1.521438450899035254e-02,nan,nan,nan,nan,nan,nan,nan,nan,nan,4.702627939142489492e-03,nan,nan,0.000000000000000000e+00,nan,nan,1.936376210235124518e-03,nan,nan,5.532503457814641479e-04,nan,nan,nan,nan,nan,nan,0.000000000000000000e+00,nan,nan,nan,nan,nan
nan,nan,4.291845493562184907e-03,nan,nan,nan,nan,nan,nan,nan,nan,nan,nan,nan,1.430615164520676694e-03,nan,nan,nan,nan,nan,nan,nan,nan,2.861230329041419742e-03,nan,nan,nan,6.580829756795370140e-03,nan,nan,nan,-4.440892098500626408e-17,nan,nan,nan,nan,nan,nan,nan,nan,nan,nan,nan,1.430615164520698812e-03,nan,nan,0.000000000000000000e+00,nan,nan,0.000000000000000000e+00,nan,nan,0.000000000000000000e+00,nan,nan,nan,nan,nan,nan,0.000000000000000000e+00,nan,nan,nan,nan,nan
nan,nan,6.993006993007000807e-03,nan,nan,nan,nan,nan,nan,nan,nan,nan,nan,nan,nan,nan,nan,nan,nan,nan,nan,nan,nan,-1.958041958041989265e-03,nan,nan,nan,2.237762237762219546e-03,nan,nan,nan,1.678321678321648179e-03,nan,2.797202797202969046e-04,nan,nan,nan,nan,nan,nan,nan,nan,nan,1.678321678321648179e-03,nan,nan,0.000000000000000000e+00,nan,nan,0.000000000000000000e+00,nan,nan,0.000000000000000000e+00,nan,nan,nan,nan,nan,nan,0.000000000000000000e+00,nan,nan,nan,nan,nan
nan,nan,3.616133518776054774e-03,nan,nan,nan,nan,nan,nan,nan,nan,nan,nan,nan,nan,nan,nan,nan,nan,nan,nan,nan,nan,3.894297635604981964e-03,nan,nan,nan,5.285118219749617915e-03,nan,nan,nan,2.503477051460345579e-03,nan,5.563282336578545973e-04,nan,nan,nan,nan,nan,nan,nan,nan,nan,8.344923504867817875e-04,nan,nan,0.000000000000000000e+00,nan,nan,0.000000000000000000e+00,nan,nan,0.000000000000000000e+00,nan,nan,nan,nan,nan,nan,0.000000000000000000e+00,nan,nan,nan,nan,nan
nan,nan,6.657420249653256232e-03,nan,nan,nan,nan,nan,nan,nan,nan,nan,nan,nan,nan,nan,nan,nan,nan,nan,nan,nan,nan,1.386962552011095084e-03,nan,nan,nan,5.547850208044380338e-03,nan,nan,nan,5.825242718446599528e-03,nan,3.051317614424409359e-03,nan,nan,nan,nan,nan,nan,nan,nan,nan,-1.109570041608876111e-03,nan,nan,0.000000000000000000e+00,nan,nan,0.000000000000000000e+00,nan,nan,0.000000000000000000e+00,nan,nan,nan,nan,nan,nan,0.000000000000000000e+00,nan,nan,nan,nan,nan
nan,nan,-8.595988538681931029e-04,nan,nan,nan,nan,nan,nan,nan,nan,nan,nan,nan,nan,nan,nan,nan,nan,nan,nan,nan,nan,-2.865329512893977082e-03,nan,nan,nan,-1.432664756446988541e-03,nan,nan,nan,-3.151862464183374964e-03,nan,-3.438395415472772412e-03,nan,nan,nan,nan,nan,nan,nan,nan,nan,1.146131805157590876e-03,nan,nan,0.000000000000000000e+00,nan,nan,0.000000000000000000e+00,nan,nan,0.000000000000000000e+00,nan,nan,nan,nan,nan,nan,0.000000000000000000e+00,nan,nan,nan,nan,nan
nan,nan,1.367989056087570796e-03,nan,nan,nan,nan,nan,nan,nan,nan,nan,nan,nan,nan,nan,nan,nan,nan,nan,nan,nan,nan,8.207934336525557050e-04,nan,nan,nan,3.556771545827630727e-03,nan,nan,nan,1.367989056087570796e-03,nan,5.471956224350372090e-04,nan,nan,nan,nan,nan,nan,nan,nan,nan,1.641586867305089292e-03,nan,nan,0.000000000000000000e+00,nan,nan,0.000000000000000000e+00,nan,nan,0.000000000000000000e+00,nan,nan,nan,nan,nan,nan,0.000000000000000000e+00,nan,nan,nan,nan,nan
nan,nan,2.469135802469124476e-03,nan,nan,nan,nan,nan,nan,nan,nan,nan,nan,nan,nan,nan,nan,nan,nan,nan,nan,nan,nan,2.743484224965619836e-04,nan,nan,nan,3.017832647462248552e-03,nan,nan,nan,1.646090534979394128e-03,nan,-1.097393689986270269e-03,nan,nan,nan,nan,nan,nan,nan,nan,nan,-1.371742112482832090e-03,nan,nan,0.000000000000000000e+00,nan,nan,2.743484224965619836e-04,nan,nan,0.000000000000000000e+00,nan,nan,nan,nan,nan,nan,0.000000000000000000e+00,nan,nan,nan,nan,nan
nan,nan,3.017832647462292787e-03,nan,nan,nan,nan,nan,nan,nan,nan,nan,nan,nan,nan,nan,nan,nan,nan,nan,nan,nan,nan,5.486968449931461933e-04,nan,nan,nan,1.097393689986292387e-03,nan,nan,nan,2.743484224965686731e-03,nan,-2.743484224965842097e-04,nan,nan,nan,nan,nan,nan,nan,nan,nan,-1.646090534979416462e-03,nan,nan,0.000000000000000000e+00,nan,nan,0.000000000000000000e+00,nan,nan,0.000000000000000000e+00,nan,nan,nan,nan,nan,nan,0.000000000000000000e+00,nan,nan,nan,nan,nan
nan,nan,3.059805285118222078e-03,nan,nan,nan,nan,nan,nan,nan,nan,nan,nan,nan,nan,nan,nan,nan,nan,nan,nan,nan,nan,1.390820584144636385e-03,nan,nan,nan,2.503477051460345579e-03,nan,nan,nan,4.450625869262902698e-03,nan,2.503477051460345579e-03,nan,nan,nan,nan,nan,nan,nan,nan,nan,1.947148817802490982e-03,nan,nan,0.000000000000000000e+00,nan,nan,2.781641168289272987e-04,nan,nan,0.000000000000000000e+00,nan,nan,nan,nan,nan,nan,0.000000000000000000e+00,nan,nan,nan,nan,nan
nan,nan,3.916083916083956847e-03,nan,nan,nan,nan,nan,nan,nan,nan,nan,nan,nan,nan,nan,nan,nan,nan,nan,nan,nan,nan,3.076923076923088196e-03,nan,nan,nan,6.153846153846176392e-03,nan,nan,nan,1.678321678321670297e-03,nan,6.153846153846176392e-03,nan,nan,nan,nan,nan,nan,nan,nan,nan,6.993006993007022491e-03,nan,nan,0.000000000000000000e+00,nan,nan,0.000000000000000000e+00,nan,nan,0.000000000000000000e+00,nan,nan,nan,nan,nan,nan,0.000000000000000000e+00,nan,nan,nan,nan,nan
nan,nan,-2.452316076294214393e-03,nan,nan,nan,nan,nan,nan,nan,nan,nan,nan,nan,5.449591280654253684e-04,nan,nan,nan,nan,nan,nan,nan,nan,-4.087193460490401269e-03,nan,nan,nan,-8.174386920980492022e-04,nan,nan,nan,-4.087193460490401269e-03,nan,nan,nan,nan,nan,nan,nan,nan,nan,nan,nan,-1.089918256130761832e-03,nan,nan,0.000000000000000000e+00,nan,nan,5.449591280654253684e-04,nan,nan,0.000000000000000000e+00,nan,nan,nan,nan,nan,nan,0.000000000000000000e+00,nan,nan,nan,nan,nan
nan,nan,2.732240437158450861e-03,nan,nan,nan,nan,nan,nan,nan,nan,nan,nan,nan,nan,nan,nan,nan,nan,nan,nan,nan,nan,2.459016393442592374e-03,nan,nan,nan,6.557377049180313118e-03,nan,nan,nan,4.098360655737698192e-03,nan,3.005464480874286796e-03,nan,nan,nan,nan,nan,nan,nan,nan,nan,2.185792349726756005e-03,nan,nan,0.000000000000000000e+00,nan,nan,1.366120218579203096e-03,nan,nan,0.000000000000000000e+00,nan,nan,nan,nan,nan,nan,0.000000000000000000e+00,nan,nan,nan,nan,nan
nan,nan,-1.364256480218251121e-03,nan,nan,nan,nan,nan,nan,nan,nan,nan,nan,nan,nan,nan,nan,nan,nan,nan,nan,nan,nan,-2.728512960436191509e-04,nan,nan,nan,1.364256480218339809e-03,nan,nan,nan,5.457025920873493242e-04,nan,3.547066848567559296e-03,nan,nan,nan,nan,nan,nan,nan,nan,nan,1.364256480218317691e-03,nan,nan,0.000000000000000000e+00,nan,nan,-2.728512960436413229e-04,nan,nan,0.000000000000000000e+00,nan,nan,nan,nan,nan,nan,0.000000000000000000e+00,nan,nan,nan,nan,nan
nan,nan,2.832861189801860529e-04,nan,nan,nan,nan,nan,nan,nan,nan,nan,nan,nan,nan,nan,nan,nan,nan,nan,nan,nan,nan,-8.498583569404915888e-04,nan,nan,nan,0.000000000000000000e+00,nan,nan,nan,5.665722379603277620e-04,nan,2.832861189801727606e-03,nan,nan,nan,nan,nan,nan,nan,nan,nan,-8.498583569405138149e-04,nan,nan,0.000000000000000000e+00,nan,nan,-2.832861189801638810e-04,nan,nan,0.000000000000000000e+00,nan,nan,nan,nan,nan,nan,0.000000000000000000e+00,nan,nan,nan,nan,nan
nan,nan,-1.414427157001441147e-03,nan,nan,nan,nan,nan,nan,nan,nan,nan,nan,nan,-8.486562942008780020e-04,nan,nan,nan,nan,nan,nan,nan,nan,5.657708628005409185e-04,nan,nan,nan,1.697312588401667099e-03,nan,nan,nan,-5.657708628005852624e-04,nan,nan,nan,nan,nan,nan,nan,nan,nan,nan,nan,1.131541725601081837e-03,nan,nan,0.000000000000000000e+00,nan,nan,0.000000000000000000e+00,nan,nan,0.000000000000000000e+00,nan,nan,nan,nan,nan,nan,0.000000000000000000e+00,nan,nan,nan,nan,nan
nan,nan,2.805049088359034930e-03,nan,nan,nan,nan,nan,nan,nan,nan,nan,nan,nan,nan,nan,nan,nan,nan,nan,nan,nan,nan,5.329593267882159688e-03,nan,nan,nan,6.732117812061688862e-03,nan,nan,nan,4.768583450210361896e-03,nan,4.768583450210361896e-03,nan,nan,nan,nan,nan,nan,nan,nan,nan,3.366058906030833155e-03,nan,nan,0.000000000000000000e+00,nan,nan,1.122019635343640687e-03,nan,nan,0.000000000000000000e+00,nan,nan,nan,nan,nan,nan,0.000000000000000000e+00,nan,nan,nan,nan,nan
nan,nan,5.841446453407494847e-03,nan,nan,nan,nan,nan,nan,nan,nan,nan,nan,nan,nan,nan,nan,nan,nan,nan,nan,nan,nan,1.947148817802490982e-03,nan,nan,nan,6.397774687065371779e-03,nan,nan,nan,5.285118219749617915e-03,nan,5.285118219749617915e-03,nan,nan,nan,nan,nan,nan,nan,nan,nan,1.947148817802490982e-03,nan,nan,0.000000000000000000e+00,nan,nan,0.000000000000000000e+00,nan,nan,0.000000000000000000e+00,nan,nan,nan,nan,nan,nan,0.000000000000000000e+00,nan,nan,nan,nan,nan
nan,nan,8.333333333333303727e-03,nan,nan,nan,nan,nan,nan,nan,nan,nan,nan,nan,nan,nan,nan,nan,nan,nan,nan,nan,nan,3.611111111111098369e-03,nan,nan,nan,8.611111111111079824e-03,nan,nan,nan,4.166666666666651864e-03,nan,2.777777777777767909e-03,nan,nan,nan,nan,nan,nan,nan,nan,nan,1.944444444444437450e-03,nan,nan,0.000000000000000000e+00,nan,nan,0.000000000000000000e+00,nan,nan,0.000000000000000000e+00,nan,nan,nan,nan,nan,nan,0.000000000000000000e+00,nan,nan,nan,nan,nan
nan,nan,-4.440892098500626408e-17,nan,nan,nan,nan,nan,nan,nan,nan,nan,nan,nan,nan,nan,nan,nan,nan,nan,nan,nan,nan,-1.097393689986336839e-03,nan,nan,nan,2.743484224965664180e-03,nan,nan,nan,1.371742112482832090e-03,nan,4.115226337448496703e-03,nan,nan,nan,nan,nan,nan,nan,nan,nan,-2.743484224966063817e-04,nan,nan,0.000000000000000000e+00,nan,nan,0.000000000000000000e+00,nan,nan,0.000000000000000000e+00,nan,nan,nan,nan,nan,nan,0.000000000000000000e+00,nan,nan,nan,nan,nan
nan,nan,3.370786516853940904e-03,nan,nan,nan,nan,nan,nan,nan,nan,nan,nan,nan,nan,nan,nan,nan,nan,nan,nan,nan,nan,3.651685393258419319e-03,nan,nan,nan,3.089887640449395702e-03,nan,nan,nan,4.775280898876355096e-03,nan,1.685393258426959393e-03,nan,nan,nan,nan,nan,nan,nan,nan,nan,-1.685393258427003629e-03,nan,nan,0.000000000000000000e+00,nan,nan,-2.808988764045006409e-04,nan,nan,0.000000000000000000e+00,nan,nan,nan,nan,nan,nan,0.000000000000000000e+00,nan,nan,nan,nan,nan
nan,nan,4.532577903682733118e-03,nan,nan,nan,nan,nan,nan,nan,nan,nan,nan,nan,nan,nan,nan,nan,nan,nan,nan,nan,nan,8.498583569405360411e-04,nan,nan,nan,3.682719546742241421e-03,nan,nan,nan,1.983002832861213791e-03,nan,1.133144475920699976e-03,nan,nan,nan,nan,nan,nan,nan,nan,nan,1.133144475920677642e-03,nan,nan,0.000000000000000000e+00,nan,nan,0.000000000000000000e+00,nan,nan,0.000000000000000000e+00,nan,nan,nan,nan,nan,nan,0.000000000000000000e+00,nan,nan,nan,nan,nan
nan,nan,-1.108033240997263833e-03,nan,nan,nan,nan,nan,nan,nan,nan,nan,nan,nan,nan,nan,nan,nan,nan,nan,nan,nan,nan,-4.432132963988965994e-03,nan,nan,nan,-3.324099722991746830e-03,nan,nan,nan,-1.662049861495895533e-03,nan,-8.310249307479367076e-04,nan,nan,nan,nan,nan,nan,nan,nan,nan,-1.385041551246546290e-03,nan,nan,0.000000000000000000e+00,nan,nan,-5.540166204986096904e-04,nan,nan,0.000000000000000000e+00,nan,nan,nan,nan,nan,nan,0.000000000000000000e+00,nan,nan,nan,nan,nan
nan,nan,-4.440892098500626408e-17,nan,nan,nan,nan,nan,nan,nan,nan,nan,nan,nan,nan,nan,nan,nan,nan,nan,nan,nan,nan,-2.185792349726822792e-03,nan,nan,nan,1.639344262295061583e-03,nan,nan,nan,-5.464480874317167568e-04,nan,-3.005464480874353583e-03,nan,nan,nan,nan,nan,nan,nan,nan,nan,1.092896174863366944e-03,nan,nan,0.000000000000000000e+00,nan,nan,2.732240437158362065e-04,nan,nan,0.000000000000000000e+00,nan,nan,nan,nan,nan,nan,0.000000000000000000e+00,nan,nan,nan,nan,nan
nan,nan,2.503477051460323462e-03,nan,nan,nan,nan,nan,nan,nan,nan,nan,nan,nan,-3.894297635605092987e-03,nan,nan,nan,nan,nan,nan,nan,nan,6.954102920723181924e-03,nan,nan,nan,6.397774687065327544e-03,nan,nan,nan,1.390820584144614267e-03,nan,nan,nan,nan,nan,nan,nan,nan,nan,nan,nan,-2.781641168289716967e-04,nan,nan,0.000000000000000000e+00,nan,nan,1.390820584144636385e-03,nan,nan,0.000000000000000000e+00,nan,nan,nan,nan,nan,nan,0.000000000000000000e+00,nan,nan,nan,nan,nan
nan,nan,2.455661664392883199e-03,nan,nan,nan,nan,nan,nan,nan,nan,nan,nan,nan,nan,nan,nan,nan,nan,nan,nan,nan,nan,2.728512960435969248e-04,nan,nan,nan,2.182810368349219488e-03,nan,nan,nan,3.274215552523829231e-03,nan,8.185538881309240228e-04,nan,nan,nan,nan,nan,nan,nan,nan,nan,-1.364256480218317691e-03,nan,nan,0.000000000000000000e+00,nan,nan,0.000000000000000000e+00,nan,nan,0.000000000000000000e+00,nan,nan,nan,nan,nan,nan,0.000000000000000000e+00,nan,nan,nan,nan,nan
nan,nan,6.552706552706588986e-03,nan,nan,nan,nan,nan,nan,nan,nan,nan,nan,nan,nan,nan,nan,nan,nan,nan,nan,nan,nan,1.994301994302039114e-03,nan,nan,nan,1.994301994302039114e-03,nan,nan,nan,-5.698005698005382137e-04,nan,-3.703703703703675656e-03,nan,nan,nan,nan,nan,nan,nan,nan,nan,3.988603988603988890e-03,nan,nan,0.000000000000000000e+00,nan,nan,2.849002849003135049e-04,nan,nan,0.000000000000000000e+00,nan,nan,nan,nan,nan,nan,0.000000000000000000e+00,nan,nan,nan,nan,nan
nan,nan,3.504043126684663716e-03,nan,nan,nan,nan,nan,nan,nan,nan,nan,nan,nan,nan,nan,nan,nan,nan,nan,nan,nan,nan,1.617250673854475672e-03,nan,nan,nan,4.582210242587603406e-03,nan,nan,nan,4.851752021563360447e-03,nan,3.234501347708951344e-03,nan,nan,nan,nan,nan,nan,nan,nan,nan,-1.617250673854409102e-03,nan,nan,0.000000000000000000e+00,nan,nan,0.000000000000000000e+00,nan,nan,0.000000000000000000e+00,nan,nan,nan,nan,nan,nan,0.000000000000000000e+00,nan,nan,nan,nan,nan
nan,nan,4.087193460490445504e-03,nan,nan,nan,nan,nan,nan,nan,nan,nan,nan,nan,nan,nan,nan,nan,nan,nan,nan,nan,nan,2.724795640326926807e-03,nan,nan,nan,4.087193460490423820e-03,nan,nan,nan,2.179836512261523664e-03,nan,2.997275204359617536e-03,nan,nan,nan,nan,nan,nan,nan,nan,nan,2.179836512261523664e-03,nan,nan,0.000000000000000000e+00,nan,nan,0.000000000000000000e+00,nan,nan,0.000000000000000000e+00,nan,nan,nan,nan,nan,nan,0.000000000000000000e+00,nan,nan,nan,nan,nan
nan,nan,8.534850640113500041e-04,nan,nan,nan,nan,nan,nan,nan,nan,nan,nan,nan,nan,nan,nan,nan,nan,nan,nan,nan,nan,8.534850640113500041e-04,nan,nan,nan,1.137980085348444482e-03,nan,nan,nan,1.137980085348466817e-03,nan,2.275960170696955751e-03,nan,nan,nan,nan,nan,nan,nan,nan,nan,2.275960170696955751e-03,nan,nan,0.000000000000000000e+00,nan,nan,2.844950213371167042e-04,nan,nan,0.000000000000000000e+00,nan,nan,nan,nan,nan,nan,0.000000000000000000e+00,nan,nan,nan,nan,nan
nan,nan,1.388888888888883955e-03,nan,nan,nan,nan,nan,nan,nan,nan,nan,nan,nan,1.388888888888883955e-03,nan,nan,nan,nan,nan,nan,nan,nan,-8.333333333333303511e-04,nan,nan,nan,4.444444444444428828e-03,nan,nan,nan,3.611111111111098369e-03,nan,nan,nan,nan,nan,nan,nan,nan,nan,nan,nan,1.666666666666660702e-03,nan,nan,0.000000000000000000e+00,nan,nan,-2.777777777777768018e-04,nan,nan,0.000000000000000000e+00,nan,nan,nan,nan,nan,nan,0.000000000000000000e+00,nan,nan,nan,nan,nan
nan,nan,8.185538881309683667e-04,nan,nan,nan,nan,nan,nan,nan,nan,nan,nan,nan,nan,nan,nan,nan,nan,nan,nan,nan,nan,-2.728512960436635490e-04,nan,nan,nan,4.638472032742124371e-03,nan,nan,nan,4.092769440654842050e-03,nan,4.365620736698505762e-03,nan,nan,nan,nan,nan,nan,nan,nan,nan,-1.091405184174609744e-03,nan,nan,0.000000000000000000e+00,nan,nan,-2.728512960436635490e-04,nan,nan,0.000000000000000000e+00,nan,nan,nan,nan,nan,nan,0.000000000000000000e+00,nan,nan,nan,nan,nan
nan,nan,6.877579092159580298e-03,nan,nan,nan,nan,nan,nan,nan,nan,nan,nan,nan,5.502063273727486169e-04,nan,nan,nan,nan,nan,nan,nan,nan,4.951856946354915578e-03,nan,nan,nan,8.253094910591474501e-03,nan,nan,nan,2.475928473177435672e-03,nan,nan,nan,nan,nan,nan,nan,nan,nan,nan,nan,-1.650618982118290303e-03,nan,nan,0.000000000000000000e+00,nan,nan,0.000000000000000000e+00,nan,nan,0.000000000000000000e+00,nan,nan,nan,nan,nan,nan,0.000000000000000000e+00,nan,nan,nan,nan,nan
nan,nan,3.788903924221864554e-03,nan,nan,nan,nan,nan,nan,nan,nan,nan,nan,nan,nan,nan,nan,nan,nan,nan,nan,nan,nan,1.353179972936358142e-03,nan,nan,nan,5.412719891745565275e-03,nan,nan,nan,7.307171853856519669e-03,nan,5.142083897158267365e-03,nan,nan,nan,nan,nan,nan,nan,nan,nan,-8.119079837618725865e-04,nan,nan,0.000000000000000000e+00,nan,nan,2.706359945872760628e-04,nan,nan,0.000000000000000000e+00,nan,nan,nan,nan,nan,nan,0.000000000000000000e+00,nan,nan,nan,nan,nan
nan,nan,3.601108033241007169e-03,nan,nan,nan,nan,nan,nan,nan,nan,nan,nan,nan,nan,nan,nan,nan,nan,nan,nan,nan,nan,4.986149584487531775e-03,nan,nan,nan,8.033240997229951913e-03,nan,nan,nan,3.878116343490290059e-03,nan,6.371191135734100182e-03,nan,nan,nan,nan,nan,nan,nan,nan,nan,4.155124653739595067e-03,nan,nan,0.000000000000000000e+00,nan,nan,0.000000000000000000e+00,nan,nan,0.000000000000000000e+00,nan,nan,nan,nan,nan,nan,0.000000000000000000e+00,nan,nan,nan,nan,nan
nan,nan,-2.228412256267442524e-03,nan,nan,nan,nan,nan,nan,nan,nan,nan,nan,nan,nan,nan,nan,nan,nan,nan,nan,nan,nan,-8.356545961003325257e-04,nan,nan,nan,-2.506963788300908998e-03,nan,nan,nan,8.356545961002437295e-04,nan,3.621169916434485627e-03,nan,nan,nan,nan,nan,nan,nan,nan,nan,-2.785515320334663652e-04,nan,nan,0.000000000000000000e+00,nan,nan,-2.785515320334441933e-04,nan,nan,0.000000000000000000e+00,nan,nan,nan,nan,nan,nan,0.000000000000000000e+00,nan,nan,nan,nan,nan
nan,nan,-2.220446049250313204e-17,nan,nan,nan,nan,nan,nan,nan,nan,nan,nan,nan,nan,nan,nan,nan,nan,nan,nan,nan,nan,3.230148048452163682e-03,nan,nan,nan,2.422611036339095223e-03,nan,nan,nan,1.884253028263738151e-03,nan,1.884253028263716033e-03,nan,nan,nan,nan,nan,nan,nan,nan,nan,8.075370121130021062e-04,nan,nan,0.000000000000000000e+00,nan,nan,-2.691790040376895949e-04,nan,nan,0.000000000000000000e+00,nan,nan,nan,nan,nan,nan,0.000000000000000000e+00,nan,nan,nan,nan,nan
nan,nan,3.165467625899220840e-03,nan,nan,nan,nan,nan,nan,nan,nan,nan,nan,nan,-4.440892098500626408e-17,nan,nan,nan,nan,nan,nan,nan,nan,-1.438848920863367064e-03,nan,nan,nan,8.633093525179491145e-04,nan,nan,nan,-1.438848920863322611e-03,nan,nan,nan,nan,nan,nan,nan,nan,nan,nan,nan,0.000000000000000000e+00,nan,nan,0.000000000000000000e+00,nan,nan,-2.589928057553980700e-03,nan,nan,0.000000000000000000e+00,nan,nan,nan,nan,nan,nan,0.000000000000000000e+00,nan,nan,nan,nan,nan
nan,nan,-1.402524544179550858e-03,nan,nan,nan,nan,nan,nan,nan,nan,nan,nan,nan,nan,nan,nan,nan,nan,nan,nan,nan,nan,3.085553997194900866e-03,nan,nan,nan,4.207573632538541553e-03,nan,nan,nan,1.122019635343551782e-03,nan,8.415147265076639450e-04,nan,nan,nan,nan,nan,nan,nan,nan,nan,1.122019635343551782e-03,nan,nan,0.000000000000000000e+00,nan,nan,-5.610098176718203433e-04,nan,nan,0.000000000000000000e+00,nan,nan,nan,nan,nan,nan,0.000000000000000000e+00,nan,nan,nan,nan,nan
nan,nan,1.960784313725483230e-03,nan,nan,nan,nan,nan,nan,nan,nan,nan,nan,nan,nan,nan,nan,nan,nan,nan,nan,nan,nan,-1.120448179271704703e-03,nan,nan,nan,3.081232492997187933e-03,nan,nan,nan,5.602240896358523514e-03,nan,5.042016806722671163e-03,nan,nan,nan,nan,nan,nan,nan,nan,nan,-1.960784313725483230e-03,nan,nan,0.000000000000000000e+00,nan,nan,-2.801120448179261757e-04,nan,nan,0.000000000000000000e+00,nan,nan,nan,nan,nan,nan,0.000000000000000000e+00,nan,nan,nan,nan,nan
nan,nan,-4.103967168262667720e-03,nan,nan,nan,nan,nan,nan,nan,nan,nan,nan,nan,nan,nan,nan,nan,nan,nan,nan,nan,nan,-5.745554035567712776e-03,nan,nan,nan,-6.019151846785209155e-03,nan,nan,nan,-5.745554035567712776e-03,nan,-4.924760601915156855e-03,nan,nan,nan,nan,nan,nan,nan,nan,nan,-1.094391244870074418e-03,nan,nan,0.000000000000000000e+00,nan,nan,-1.094391244870074418e-03,nan,nan,0.000000000000000000e+00,nan,nan,nan,nan,nan,nan,0.000000000000000000e+00,nan,nan,nan,nan,nan
nan,nan,7.843137254901932920e-03,nan,nan,nan,nan,nan,nan,nan,nan,nan,nan,nan,3.361344537815114109e-03,nan,nan,nan,nan,nan,nan,nan,nan,8.123249299719859096e-03,nan,nan,nan,1.120448179271704703e-02,nan,nan,nan,7.843137254901932920e-03,nan,nan,nan,nan,nan,nan,nan,nan,nan,nan,nan,-5.602240896358523514e-04,nan,nan,0.000000000000000000e+00,nan,nan,1.120448179271704703e-03,nan,nan,0.000000000000000000e+00,nan,nan,nan,nan,nan,nan,0.000000000000000000e+00,nan,nan,nan,nan,nan
nan,nan,-2.670226969291755628e-04,nan,nan,nan,nan,nan,nan,nan,nan,nan,nan,nan,nan,nan,nan,nan,nan,nan,nan,nan,nan,-1.068090787716879844e-03,nan,nan,nan,-8.010680907876599911e-04,nan,nan,nan,-1.869158878504606405e-03,nan,2.670226969292865851e-04,nan,nan,nan,nan,nan,nan,nan,nan,nan,2.403204272363179683e-03,nan,nan,0.000000000000000000e+00,nan,nan,0.000000000000000000e+00,nan,nan,0.000000000000000000e+00,nan,nan,nan,nan,nan,nan,0.000000000000000000e+00,nan,nan,nan,nan,nan
nan,nan,5.841446453407584186e-03,nan,nan,nan,nan,nan,nan,nan,nan,nan,nan,nan,nan,nan,nan,nan,nan,nan,nan,nan,nan,1.112656467315731312e-03,nan,nan,nan,3.337969401947216055e-03,nan,nan,nan,3.059805285118266747e-03,nan,3.894297635605070869e-03,nan,nan,nan,nan,nan,nan,nan,nan,nan,3.059805285118288865e-03,nan,nan,0.000000000000000000e+00,nan,nan,0.000000000000000000e+00,nan,nan,0.000000000000000000e+00,nan,nan,nan,nan,nan,nan,0.000000000000000000e+00,nan,nan,nan,nan,nan
nan,nan,6.944444444444419773e-03,nan,nan,nan,nan,nan,nan,nan,nan,nan,nan,nan,1.111111111111107207e-03,nan,nan,nan,nan,nan,nan,nan,nan,8.611111111111102376e-03,nan,nan,nan,8.888888888888880208e-03,nan,nan,nan,4.999999999999981889e-03,nan,nan,nan,nan,nan,nan,nan,nan,nan,nan,nan,8.333333333333303511e-04,nan,nan,0.000000000000000000e+00,nan,nan,0.000000000000000000e+00,nan,nan,0.000000000000000000e+00,nan,nan,nan,nan,nan,nan,0.000000000000000000e+00,nan,nan,nan,nan,nan
nan,nan,2.816901408450700472e-03,nan,nan,nan,nan,nan,nan,nan,nan,nan,nan,nan,nan,nan,nan,nan,nan,nan,nan,nan,nan,4.225352112676050709e-03,nan,nan,nan,6.760563380281680960e-03,nan,nan,nan,5.070422535211260504e-03,nan,8.450704225352101201e-04,nan,nan,nan,nan,nan,nan,nan,nan,nan,0.000000000000000000e+00,nan,nan,0.000000000000000000e+00,nan,nan,5.633802816901401162e-04,nan,nan,0.000000000000000000e+00,nan,nan,nan,nan,nan,nan,0.000000000000000000e+00,nan,nan,nan,nan,nan
nan,nan,-3.899721448467907865e-03,nan,nan,nan,nan,nan,nan,nan,nan,nan,nan,nan,nan,nan,nan,nan,nan,nan,nan,nan,nan,-3.899721448467907865e-03,nan,nan,nan,8.356545961003325257e-04,nan,nan,nan,-4.178272980501329670e-03,nan,-1.392757660167109890e-03,nan,nan,nan,nan,nan,nan,nan,nan,nan,8.356545961003102995e-04,nan,nan,0.000000000000000000e+00,nan,nan,0.000000000000000000e+00,nan,nan,0.000000000000000000e+00,nan,nan,nan,nan,nan,nan,0.000000000000000000e+00,nan,nan,nan,nan,nan
nan,nan,8.403361344537785271e-04,nan,nan,nan,nan,nan,nan,nan,nan,nan,nan,nan,nan,nan,nan,nan,nan,nan,nan,nan,nan,7.282913165266080568e-03,nan,nan,nan,7.843137254901932920e-03,nan,nan,nan,4.481792717086818811e-03,nan,3.081232492997187933e-03,nan,nan,nan,nan,nan,nan,nan,nan,nan,3.921568627450966460e-03,nan,nan,0.000000000000000000e+00,nan,nan,-2.801120448179261757e-04,nan,nan,0.000000000000000000e+00,nan,nan,nan,nan,nan,nan,0.000000000000000000e+00,nan,nan,nan,nan,nan
nan,nan,5.006954102920779630e-03,nan,nan,nan,nan,nan,nan,nan,nan,nan,nan,nan,4.172461752433997625e-03,nan,nan,nan,nan,nan,nan,nan,nan,3.059805285118288865e-03,nan,nan,nan,5.563282336578656562e-03,nan,nan,nan,4.450625869262947801e-03,nan,nan,nan,nan,nan,nan,nan,nan,nan,nan,nan,-1.390820584144614267e-03,nan,nan,0.000000000000000000e+00,nan,nan,0.000000000000000000e+00,nan,nan,0.000000000000000000e+00,nan,nan,nan,nan,nan,nan,0.000000000000000000e+00,nan,nan,nan,nan,nan
nan,nan,6.552706552706588986e-03,nan,nan,nan,nan,nan,nan,nan,nan,nan,nan,nan,2.564102564102599228e-03,nan,nan,nan,nan,nan,nan,nan,nan,7.977207977207977779e-03,nan,nan,nan,5.698005698005737321e-03,nan,nan,nan,3.133903133903181894e-03,nan,nan,nan,nan,nan,nan,nan,nan,nan,nan,nan,-1.139601139601142997e-03,nan,nan,0.000000000000000000e+00,nan,nan,-5.698005698005825575e-04,nan,nan,0.000000000000000000e+00,nan,nan,nan,nan,nan,nan,0.000000000000000000e+00,nan,nan,nan,nan,nan
nan,nan,5.780346820809300961e-04,nan,nan,nan,nan,nan,nan,nan,nan,nan,nan,nan,nan,nan,nan,nan,nan,nan,nan,nan,nan,2.601156069364152310e-03,nan,nan,nan,0.000000000000000000e+00,nan,nan,nan,-2.890173410404628471e-03,nan,-2.890173410404650589e-03,nan,nan,nan,nan,nan,nan,nan,nan,nan,3.468208092485536125e-03,nan,nan,0.000000000000000000e+00,nan,nan,2.023121387283222106e-03,nan,nan,0.000000000000000000e+00,nan,nan,nan,nan,nan,nan,0.000000000000000000e+00,nan,nan,nan,nan,nan
nan,nan,2.770083102493048344e-03,nan,nan,nan,nan,nan,nan,nan,nan,nan,nan,nan,nan,nan,nan,nan,nan,nan,nan,nan,nan,-1.108033240997219381e-03,nan,nan,nan,5.263157894736791680e-03,nan,nan,nan,-1.662049861495851297e-03,nan,5.540166204986096904e-04,nan,nan,nan,nan,nan,nan,nan,nan,nan,3.047091412742353352e-03,nan,nan,0.000000000000000000e+00,nan,nan,0.000000000000000000e+00,nan,nan,0.000000000000000000e+00,nan,nan,nan,nan,nan,nan,0.000000000000000000e+00,nan,nan,nan,nan,nan
nan,nan,3.296703296703396013e-03,nan,nan,nan,nan,nan,nan,nan,nan,nan,nan,nan,nan,nan,nan,nan,nan,nan,nan,nan,nan,2.197802197802278899e-03,nan,nan,nan,4.945054945055038509e-03,nan,nan,nan,1.373626373626435316e-03,nan,1.923076923077005149e-03,nan,nan,nan,nan,nan,nan,nan,nan,nan,3.021978021978122264e-03,nan,nan,0.000000000000000000e+00,nan,nan,1.098901098901183902e-03,nan,nan,0.000000000000000000e+00,nan,nan,nan,nan,nan,nan,0.000000000000000000e+00,nan,nan,nan,nan,nan
nan,nan,1.928374655647391257e-03,nan,nan,nan,nan,nan,nan,nan,nan,nan,nan,nan,nan,nan,nan,nan,nan,nan,nan,nan,nan,3.030303030303027698e-03,nan,nan,nan,3.581267217630856869e-03,nan,nan,nan,3.305785123966953343e-03,nan,3.581267217630856869e-03,nan,nan,nan,nan,nan,nan,nan,nan,nan,-5.509641873278292796e-04,nan,nan,0.000000000000000000e+00,nan,nan,0.000000000000000000e+00,nan,nan,0.000000000000000000e+00,nan,nan,nan,nan,nan,nan,0.000000000000000000e+00,nan,nan,nan,nan,nan
nan,nan,5.255878284923909405e-03,nan,nan,nan,nan,nan,nan,nan,nan,nan,nan,nan,nan,nan,nan,nan,nan,nan,nan,nan,nan,0.000000000000000000e+00,nan,nan,nan,0.000000000000000000e+00,nan,nan,nan,2.489626556016588665e-03,nan,-1.106500691562928296e-03,nan,nan,nan,nan,nan,nan,nan,nan,nan,-1.106500691562928296e-03,nan,nan,0.000000000000000000e+00,nan,nan,2.766251728907320739e-04,nan,nan,0.000000000000000000e+00,nan,nan,nan,nan,nan,nan,0.000000000000000000e+00,nan,nan,nan,nan,nan
nan,nan,1.360544217687054136e-03,nan,nan,nan,nan,nan,nan,nan,nan,nan,nan,nan,nan,nan,nan,nan,nan,nan,nan,nan,nan,2.721088435374130390e-03,nan,nan,nan,2.993197278911563508e-03,nan,nan,nan,1.904761904761875704e-03,nan,5.442176870748216761e-04,nan,nan,nan,nan,nan,nan,nan,nan,nan,8.163265306122324599e-04,nan,nan,0.000000000000000000e+00,nan,nan,0.000000000000000000e+00,nan,nan,0.000000000000000000e+00,nan,nan,nan,nan,nan,nan,0.000000000000000000e+00,nan,nan,nan,nan,nan
nan,nan,4.781997187060516019e-03,nan,nan,nan,nan,nan,nan,nan,nan,nan,nan,nan,nan,nan,nan,nan,nan,nan,nan,nan,nan,2.812939521800306066e-03,nan,nan,nan,3.375527426160362769e-03,nan,nan,nan,5.625879043601011553e-04,nan,1.687763713080214778e-03,nan,nan,nan,nan,nan,nan,nan,nan,nan,1.969057665260209953e-03,nan,nan,0.000000000000000000e+00,nan,nan,0.000000000000000000e+00,nan,nan,0.000000000000000000e+00,nan,nan,nan,nan,nan,nan,0.000000000000000000e+00,nan,nan,nan,nan,nan
nan,nan,-2.739726027397249020e-03,nan,nan,nan,nan,nan,nan,nan,nan,nan,nan,nan,nan,nan,nan,nan,nan,nan,nan,nan,nan,-3.287671232876698650e-03,nan,nan,nan,-2.465753424657512929e-03,nan,nan,nan,-2.739726027397249020e-03,nan,-2.739726027396915844e-04,nan,nan,nan,nan,nan,nan,nan,nan,nan,-5.479452054794498473e-04,nan,nan,0.000000000000000000e+00,nan,nan,2.739726027397359825e-04,nan,nan,0.000000000000000000e+00,nan,nan,nan,nan,nan,nan,0.000000000000000000e+00,nan,nan,nan,nan,nan
nan,nan,5.745554035567690225e-03,nan,nan,nan,nan,nan,nan,nan,nan,nan,nan,nan,-8.207934336525557050e-04,nan,nan,nan,nan,nan,nan,nan,nan,5.471956224350193847e-03,nan,nan,nan,5.471956224350172163e-03,nan,nan,nan,6.292749658002749769e-03,nan,nan,nan,nan,nan,nan,nan,nan,nan,nan,nan,-8.207934336525557050e-04,nan,nan,0.000000000000000000e+00,nan,nan,-2.220446049250313204e-17,nan,nan,0.000000000000000000e+00,nan,nan,nan,nan,nan,nan,0.000000000000000000e+00,nan,nan,nan,nan,nan
nan,nan,4.670329670329653737e-03,nan,nan,nan,nan,nan,nan,nan,nan,nan,nan,nan,nan,nan,nan,nan,nan,nan,nan,nan,nan,-8.241758241758212478e-04,nan,nan,nan,1.648351648351642496e-03,nan,nan,nan,1.098901098901094997e-03,nan,-1.648351648351642496e-03,nan,nan,nan,nan,nan,nan,nan,nan,nan,-1.373626373626368746e-03,nan,nan,0.000000000000000000e+00,nan,nan,2.747252747252737493e-04,nan,nan,0.000000000000000000e+00,nan,nan,nan,nan,nan,nan,0.000000000000000000e+00,nan,nan,nan,nan,nan
nan,nan,5.594405594405649045e-03,nan,nan,nan,nan,nan,nan,nan,nan,nan,nan,nan,nan,nan,nan,nan,nan,nan,nan,nan,nan,5.874125874125946112e-03,nan,nan,nan,8.111888111888166525e-03,nan,nan,nan,4.195804195804253914e-03,nan,2.517482517482560848e-03,nan,nan,nan,nan,nan,nan,nan,nan,nan,3.356643356643407381e-03,nan,nan,0.000000000000000000e+00,nan,nan,0.000000000000000000e+00,nan,nan,0.000000000000000000e+00,nan,nan,nan,nan,nan,nan,0.000000000000000000e+00,nan,nan,nan,nan,nan
nan,nan,3.916083916083912611e-03,nan,nan,nan,nan,nan,nan,nan,nan,nan,nan,nan,nan,nan,nan,nan,nan,nan,nan,nan,nan,2.237762237762197428e-03,nan,nan,nan,3.916083916083912611e-03,nan,nan,nan,3.636363636363637662e-03,nan,1.958041958041945030e-03,nan,nan,nan,nan,nan,nan,nan,nan,nan,5.594405594405493570e-04,nan,nan,0.000000000000000000e+00,nan,nan,2.797202797202746785e-04,nan,nan,0.000000000000000000e+00,nan,nan,nan,nan,nan,nan,0.000000000000000000e+00,nan,nan,nan,nan,nan
nan,nan,-2.747252747252737493e-03,nan,nan,nan,nan,nan,nan,nan,nan,nan,nan,nan,-3.296703296703284991e-03,nan,nan,nan,nan,nan,nan,nan,nan,1.373626373626368746e-03,nan,nan,nan,5.494505494505474985e-04,nan,nan,nan,-1.923076923076916245e-03,nan,nan,nan,nan,nan,nan,nan,nan,nan,nan,nan,0.000000000000000000e+00,nan,nan,0.000000000000000000e+00,nan,nan,0.000000000000000000e+00,nan,nan,0.000000000000000000e+00,nan,nan,nan,nan,nan,nan,0.000000000000000000e+00,nan,nan,nan,nan,nan
nan,nan,1.108033240997241499e-03,nan,nan,nan,nan,nan,nan,nan,nan,nan,nan,nan,nan,nan,nan,nan,nan,nan,nan,nan,nan,3.878116343490378530e-03,nan,nan,nan,6.371191135734121866e-03,nan,nan,nan,3.047091412742441822e-03,nan,2.770083102493137248e-03,nan,nan,nan,nan,nan,nan,nan,nan,nan,0.000000000000000000e+00,nan,nan,0.000000000000000000e+00,nan,nan,2.770083102493048452e-04,nan,nan,0.000000000000000000e+00,nan,nan,nan,nan,nan,nan,0.000000000000000000e+00,nan,nan,nan,nan,nan
nan,nan,3.047091412742419705e-03,nan,nan,nan,nan,nan,nan,nan,nan,nan,nan,nan,nan,nan,nan,nan,nan,nan,nan,nan,nan,-4.155124653739572516e-03,nan,nan,nan,1.385041551246524172e-03,nan,nan,nan,-2.770083102492826191e-04,nan,-3.601108033241007169e-03,nan,nan,nan,nan,nan,nan,nan,nan,nan,0.000000000000000000e+00,nan,nan,0.000000000000000000e+00,nan,nan,-4.155124653739639302e-03,nan,nan,0.000000000000000000e+00,nan,nan,nan,nan,nan,nan,0.000000000000000000e+00,nan,nan,nan,nan,nan
nan,nan,-2.479338842975220645e-03,nan,nan,nan,nan,nan,nan,nan,nan,nan,nan,nan,nan,nan,nan,nan,nan,nan,nan,nan,nan,-8.264462809917771501e-04,nan,nan,nan,2.754820936638813006e-04,nan,nan,nan,-1.928374655647435709e-03,nan,-3.856749311294804632e-03,nan,nan,nan,nan,nan,nan,nan,nan,nan,2.479338842975198527e-03,nan,nan,0.000000000000000000e+00,nan,nan,0.000000000000000000e+00,nan,nan,0.000000000000000000e+00,nan,nan,nan,nan,nan,nan,0.000000000000000000e+00,nan,nan,nan,nan,nan
nan,nan,8.321775312066570507e-03,nan,nan,nan,nan,nan,nan,nan,nan,nan,nan,nan,4.438280166435504444e-03,nan,nan,nan,nan,nan,nan,nan,nan,7.766990291262132126e-03,nan,nan,nan,9.708737864077665591e-03,nan,nan,nan,6.934812760055475422e-03,nan,nan,nan,nan,nan,nan,nan,nan,nan,nan,nan,-5.547850208044380555e-04,nan,nan,0.000000000000000000e+00,nan,nan,0.000000000000000000e+00,nan,nan,0.000000000000000000e+00,nan,nan,nan,nan,nan,nan,0.000000000000000000e+00,nan,nan,nan,nan,nan
nan,nan,-1.678321678321759202e-03,nan,nan,nan,nan,nan,nan,nan,nan,nan,nan,nan,nan,nan,nan,nan,nan,nan,nan,nan,nan,-2.220446049250313204e-17,nan,nan,nan,5.594405594405271308e-04,nan,nan,nan,-8.391608391608906597e-04,nan,-1.118881118881165284e-03,nan,nan,nan,nan,nan,nan,nan,nan,nan,2.797202797202302804e-04,nan,nan,0.000000000000000000e+00,nan,nan,2.797202797202746785e-04,nan,nan,0.000000000000000000e+00,nan,nan,nan,nan,nan,nan,0.000000000000000000e+00,nan,nan,nan,nan,nan
nan,nan,-2.797202797202969046e-04,nan,nan,nan,nan,nan,nan,nan,nan,nan,nan,nan,nan,nan,nan,nan,nan,nan,nan,nan,nan,1.118881118881098714e-03,nan,nan,nan,-2.797202797202969046e-04,nan,nan,nan,8.391608391608240897e-04,nan,1.118881118881098714e-03,nan,nan,nan,nan,nan,nan,nan,nan,nan,-2.797202797202746785e-04,nan,nan,0.000000000000000000e+00,nan,nan,0.000000000000000000e+00,nan,nan,0.000000000000000000e+00,nan,nan,nan,nan,nan,nan,0.000000000000000000e+00,nan,nan,nan,nan,nan
nan,nan,1.082543978349192939e-03,nan,nan,nan,nan,nan,nan,nan,nan,nan,nan,nan,nan,nan,nan,nan,nan,nan,nan,nan,nan,0.000000000000000000e+00,nan,nan,nan,4.059539918809251802e-03,nan,nan,nan,3.518267929634699785e-03,nan,8.119079837619169304e-04,nan,nan,nan,nan,nan,nan,nan,nan,nan,0.000000000000000000e+00,nan,nan,0.000000000000000000e+00,nan,nan,0.000000000000000000e+00,nan,nan,0.000000000000000000e+00,nan,nan,nan,nan,nan,nan,0.000000000000000000e+00,nan,nan,nan,nan,nan
nan,nan,2.499999999999990945e-03,nan,nan,nan,nan,nan,nan,nan,nan,nan,nan,nan,nan,nan,nan,nan,nan,nan,nan,nan,nan,1.666666666666660702e-03,nan,nan,nan,3.055555555555544874e-03,nan,nan,nan,4.166666666666651864e-03,nan,8.333333333333303511e-04,nan,nan,nan,nan,nan,nan,nan,nan,nan,-1.111111111111107207e-03,nan,nan,0.000000000000000000e+00,nan,nan,0.000000000000000000e+00,nan,nan,0.000000000000000000e+00,nan,nan,nan,nan,nan,nan,0.000000000000000000e+00,nan,nan,nan,nan,nan
nan,nan,2.176870748299330940e-03,nan,nan,nan,nan,nan,nan,nan,nan,nan,nan,nan,nan,nan,nan,nan,nan,nan,nan,nan,nan,2.721088435374330100e-04,nan,nan,nan,3.265306122449018744e-03,nan,nan,nan,8.163265306122546860e-04,nan,2.220446049250313204e-17,nan,nan,nan,nan,nan,nan,nan,nan,nan,-5.442176870748216761e-04,nan,nan,0.000000000000000000e+00,nan,nan,-2.721088435374108380e-04,nan,nan,0.000000000000000000e+00,nan,nan,nan,nan,nan,nan,0.000000000000000000e+00,nan,nan,nan,nan,nan
nan,nan,4.109589041095884805e-03,nan,nan,nan,nan,nan,nan,nan,nan,nan,nan,nan,nan,nan,nan,nan,nan,nan,nan,nan,nan,6.575342465753442403e-03,nan,nan,nan,6.301369863013728430e-03,nan,nan,nan,5.205479452054828302e-03,nan,6.301369863013705878e-03,nan,nan,nan,nan,nan,nan,nan,nan,nan,4.109589041095884805e-03,nan,nan,0.000000000000000000e+00,nan,nan,2.739726027397359825e-04,nan,nan,0.000000000000000000e+00,nan,nan,nan,nan,nan,nan,0.000000000000000000e+00,nan,nan,nan,nan,nan
nan,nan,-8.368200836819994276e-04,nan,nan,nan,nan,nan,nan,nan,nan,nan,nan,nan,nan,nan,nan,nan,nan,nan,nan,nan,nan,-5.578800557879626471e-04,nan,nan,nan,1.673640167364043307e-03,nan,nan,nan,2.789400278940368347e-04,nan,-5.578800557879848732e-04,nan,nan,nan,nan,nan,nan,nan,nan,nan,8.368200836820216537e-04,nan,nan,0.000000000000000000e+00,nan,nan,2.789400278940146085e-04,nan,nan,0.000000000000000000e+00,nan,nan,nan,nan,nan,nan,0.000000000000000000e+00,nan,nan,nan,nan,nan
nan,nan,4.931506849315136880e-03,nan,nan,nan,nan,nan,nan,nan,nan,nan,nan,nan,nan,nan,nan,nan,nan,nan,nan,nan,nan,1.369863013698657903e-03,nan,nan,nan,4.931506849315115196e-03,nan,nan,nan,4.109589041095929041e-03,nan,3.013698630137051464e-03,nan,nan,nan,nan,nan,nan,nan,nan,nan,1.917808219178085416e-03,nan,nan,0.000000000000000000e+00,nan,nan,0.000000000000000000e+00,nan,nan,0.000000000000000000e+00,nan,nan,nan,nan,nan,nan,0.000000000000000000e+00,nan,nan,nan,nan,nan
nan,nan,-4.450625869262858463e-03,nan,nan,nan,nan,nan,nan,nan,nan,nan,nan,nan,nan,nan,nan,nan,nan,nan,nan,nan,nan,-3.616133518776054774e-03,nan,nan,nan,-8.344923504867817875e-04,nan,nan,nan,-2.781641168289272770e-03,nan,8.344923504867817875e-04,nan,nan,nan,nan,nan,nan,nan,nan,nan,3.616133518776054774e-03,nan,nan,0.000000000000000000e+00,nan,nan,-5.563282336578545973e-04,nan,nan,0.000000000000000000e+00,nan,nan,nan,nan,nan,nan,0.000000000000000000e+00,nan,nan,nan,nan,nan
nan,nan,-2.808988764044917288e-03,nan,nan,nan,nan,nan,nan,nan,nan,nan,nan,nan,nan,nan,nan,nan,nan,nan,nan,nan,nan,0.000000000000000000e+00,nan,nan,nan,2.247191011235938340e-03,nan,nan,nan,-8.426966292135018143e-04,nan,5.617977528089790557e-04,nan,nan,nan,nan,nan,nan,nan,nan,nan,1.404494382022458644e-03,nan,nan,0.000000000000000000e+00,nan,nan,0.000000000000000000e+00,nan,nan,0.000000000000000000e+00,nan,nan,nan,nan,nan,nan,0.000000000000000000e+00,nan,nan,nan,nan,nan
nan,nan,2.964959568733127517e-03,nan,nan,nan,nan,nan,nan,nan,nan,nan,nan,nan,nan,nan,nan,nan,nan,nan,nan,nan,nan,1.886792452830166143e-03,nan,nan,nan,-5.390835579515140807e-04,nan,nan,nan,5.390835579514475107e-04,nan,-2.695417789757792665e-04,nan,nan,nan,nan,nan,nan,nan,nan,nan,3.234501347708862440e-03,nan,nan,0.000000000000000000e+00,nan,nan,5.390835579514696285e-04,nan,nan,0.000000000000000000e+00,nan,nan,nan,nan,nan,nan,0.000000000000000000e+00,nan,nan,nan,nan,nan
nan,nan,-5.464480874317167568e-04,nan,nan,nan,nan,nan,nan,nan,nan,nan,nan,nan,nan,nan,nan,nan,nan,nan,nan,nan,nan,2.732240437158139803e-04,nan,nan,nan,4.098360655737653957e-03,nan,nan,nan,-8.196721311475752437e-04,nan,-3.825136612021906492e-03,nan,nan,nan,nan,nan,nan,nan,nan,nan,3.278688524590123166e-03,nan,nan,0.000000000000000000e+00,nan,nan,0.000000000000000000e+00,nan,nan,0.000000000000000000e+00,nan,nan,nan,nan,nan,nan,0.000000000000000000e+00,nan,nan,nan,nan,nan
nan,nan,-2.219140083217752222e-03,nan,nan,nan,nan,nan,nan,nan,nan,nan,nan,nan,nan,nan,nan,nan,nan,nan,nan,nan,nan,-5.547850208044380555e-04,nan,nan,nan,-5.547850208044380555e-04,nan,nan,nan,-3.883495145631066063e-03,nan,-3.051317614424409359e-03,nan,nan,nan,nan,nan,nan,nan,nan,nan,1.109570041608876111e-03,nan,nan,0.000000000000000000e+00,nan,nan,0.000000000000000000e+00,nan,nan,0.000000000000000000e+00,nan,nan,nan,nan,nan,nan,0.000000000000000000e+00,nan,nan,nan,nan,nan
nan,nan,5.540166204986119239e-03,nan,nan,nan,nan,nan,nan,nan,nan,nan,nan,nan,nan,nan,nan,nan,nan,nan,nan,nan,nan,3.601108033240962934e-03,nan,nan,nan,7.479224376731296794e-03,nan,nan,nan,6.094182825484772623e-03,nan,6.371191135734055946e-03,nan,nan,nan,nan,nan,nan,nan,nan,nan,3.047091412742353352e-03,nan,nan,0.000000000000000000e+00,nan,nan,0.000000000000000000e+00,nan,nan,0.000000000000000000e+00,nan,nan,nan,nan,nan,nan,0.000000000000000000e+00,nan,nan,nan,nan,nan
nan,nan,3.038674033149124827e-03,nan,nan,nan,nan,nan,nan,nan,nan,nan,nan,nan,nan,nan,nan,nan,nan,nan,nan,nan,nan,4.143646408839773629e-03,nan,nan,nan,6.906077348066275504e-03,nan,nan,nan,5.248618784530379063e-03,nan,3.867403314917106007e-03,nan,nan,nan,nan,nan,nan,nan,nan,nan,5.524861878452913327e-04,nan,nan,0.000000000000000000e+00,nan,nan,-2.762430939226456664e-04,nan,nan,0.000000000000000000e+00,nan,nan,nan,nan,nan,nan,0.000000000000000000e+00,nan,nan,nan,nan,nan
nan,nan,4.272363150867874992e-03,nan,nan,nan,nan,nan,nan,nan,nan,nan,nan,nan,nan,nan,nan,nan,nan,nan,nan,nan,nan,5.340453938584843741e-04,nan,nan,nan,3.471295060080148431e-03,nan,nan,nan,2.937249666221664057e-03,nan,2.670226969292421870e-03,nan,nan,nan,nan,nan,nan,nan,nan,nan,-5.340453938584843741e-04,nan,nan,0.000000000000000000e+00,nan,nan,2.670226969292421870e-04,nan,nan,0.000000000000000000e+00,nan,nan,nan,nan,nan,nan,0.000000000000000000e+00,nan,nan,nan,nan,nan
nan,nan,4.201680672268892636e-03,nan,nan,nan,nan,nan,nan,nan,nan,nan,nan,nan,nan,nan,nan,nan,nan,nan,nan,nan,nan,3.641456582633040284e-03,nan,nan,nan,6.442577030812302041e-03,3.081232492997187933e-03,nan,nan,4.201680672268892636e-03,nan,nan,nan,nan,nan,nan,nan,nan,nan,nan,nan,1.960784313725483230e-03,nan,nan,0.000000000000000000e+00,nan,nan,2.801120448179261757e-04,nan,nan,0.000000000000000000e+00,nan,nan,nan,nan,nan,nan,0.000000000000000000e+00,nan,nan,nan,nan,nan
nan,nan,2.553191489361705899e-03,nan,nan,nan,nan,nan,nan,nan,nan,nan,nan,nan,nan,nan,nan,nan,nan,nan,nan,nan,nan,3.120567375886529240e-03,nan,nan,nan,5.957446808510647243e-03,nan,nan,nan,3.404255319148940910e-03,nan,1.702127659574470455e-03,nan,nan,nan,nan,nan,nan,nan,nan,nan,1.418439716312058785e-03,nan,nan,0.000000000000000000e+00,nan,nan,0.000000000000000000e+00,nan,nan,0.000000000000000000e+00,nan,nan,nan,nan,nan,nan,0.000000000000000000e+00,nan,nan,nan,nan,nan
nan,nan,-7.293127629733575992e-03,nan,nan,nan,nan,nan,nan,nan,nan,nan,nan,nan,nan,nan,nan,nan,nan,nan,nan,nan,nan,-2.805049088359323978e-04,nan,nan,nan,-4.440892098500626408e-17,nan,nan,nan,-2.244039270687281373e-03,nan,-5.610098176718425695e-04,nan,nan,nan,nan,nan,nan,nan,nan,nan,1.122019635343574117e-03,nan,nan,0.000000000000000000e+00,nan,nan,-8.415147265077305150e-04,nan,nan,0.000000000000000000e+00,nan,nan,nan,nan,nan,nan,0.000000000000000000e+00,nan,nan,nan,nan,nan
nan,nan,2.220446049250313204e-17,nan,nan,nan,nan,nan,nan,nan,nan,nan,nan,nan,nan,nan,nan,nan,nan,nan,nan,nan,nan,2.162162162162228982e-03,nan,nan,nan,2.432432432432496492e-03,nan,nan,nan,-5.405405405405127933e-04,nan,1.351351351351404119e-03,nan,nan,nan,nan,nan,nan,nan,nan,nan,2.162162162162251100e-03,nan,nan,0.000000000000000000e+00,nan,nan,-2.702702702702675097e-04,nan,nan,0.000000000000000000e+00,nan,nan,nan,nan,nan,nan,0.000000000000000000e+00,nan,nan,nan,nan,nan
nan,nan,1.371742112482854424e-03,nan,nan,nan,nan,nan,nan,nan,nan,nan,nan,nan,nan,nan,nan,nan,nan,nan,nan,nan,nan,-3.840877914952001235e-03,nan,nan,nan,-3.017832647462292787e-03,nan,nan,nan,-3.017832647462292787e-03,nan,-2.194787379972562655e-03,nan,nan,nan,nan,nan,nan,nan,nan,nan,-2.194787379972584773e-03,nan,nan,0.000000000000000000e+00,nan,nan,0.000000000000000000e+00,nan,nan,0.000000000000000000e+00,nan,nan,nan,nan,nan,nan,0.000000000000000000e+00,nan,nan,nan,nan,nan
nan,nan,3.867403314917150677e-03,nan,nan,nan,nan,nan,nan,nan,nan,nan,nan,nan,nan,nan,nan,nan,nan,nan,nan,nan,nan,5.801104972375670070e-03,nan,nan,nan,1.022099447513811175e-02,nan,nan,nan,4.696132596685087188e-03,nan,1.933701657458586397e-03,nan,nan,nan,nan,nan,nan,nan,nan,nan,6.629834254143629133e-03,nan,nan,0.000000000000000000e+00,nan,nan,0.000000000000000000e+00,nan,nan,0.000000000000000000e+00,nan,nan,nan,nan,nan,nan,0.000000000000000000e+00,nan,nan,nan,nan,nan
nan,nan,7.756232686980535015e-03,nan,nan,nan,nan,nan,nan,nan,nan,nan,nan,nan,nan,nan,nan,nan,nan,nan,nan,nan,nan,1.108033240997219381e-03,nan,nan,nan,6.371191135734010844e-03,nan,nan,nan,3.047091412742353352e-03,nan,2.493074792243743336e-03,nan,nan,nan,nan,nan,nan,nan,nan,nan,5.540166204986096904e-04,nan,nan,0.000000000000000000e+00,nan,nan,0.000000000000000000e+00,nan,nan,0.000000000000000000e+00,nan,nan,nan,nan,nan,nan,0.000000000000000000e+00,nan,nan,nan,nan,nan
nan,nan,-1.092896174863411396e-03,nan,nan,nan,nan,nan,nan,nan,nan,nan,nan,nan,nan,nan,nan,nan,nan,nan,nan,nan,nan,-2.732240437158806046e-04,nan,nan,nan,-5.464480874317167568e-04,nan,nan,nan,-1.092896174863411396e-03,nan,-3.005464480874331466e-03,nan,nan,nan,nan,nan,nan,nan,nan,nan,1.639344262295039465e-03,nan,nan,0.000000000000000000e+00,nan,nan,-2.732240437158583784e-04,nan,nan,0.000000000000000000e+00,nan,nan,nan,nan,nan,nan,0.000000000000000000e+00,nan,nan,nan,nan,nan
nan,nan,4.052098408104254021e-03,nan,nan,nan,nan,nan,nan,nan,nan,nan,nan,nan,nan,nan,nan,nan,nan,nan,nan,nan,nan,2.315484804631018530e-03,nan,nan,nan,8.683068017366180058e-03,nan,nan,nan,7.235890014471802259e-03,nan,6.657018813314041772e-03,nan,nan,nan,nan,nan,nan,nan,nan,nan,3.762662807525396329e-03,nan,nan,0.000000000000000000e+00,nan,nan,-2.894356005788356829e-04,nan,nan,0.000000000000000000e+00,nan,nan,nan,nan,nan,nan,0.000000000000000000e+00,nan,nan,nan,nan,nan
nan,nan,5.312084993359889040e-03,nan,nan,nan,nan,nan,nan,nan,nan,nan,nan,nan,nan,nan,nan,nan,nan,nan,nan,nan,nan,4.515272244355906031e-03,nan,nan,nan,9.030544488711812062e-03,nan,nan,nan,7.436918990703844309e-03,nan,5.577689243027883666e-03,nan,nan,nan,nan,nan,nan,nan,nan,nan,1.859229747675961077e-03,nan,nan,0.000000000000000000e+00,nan,nan,5.312084993359889257e-04,nan,nan,0.000000000000000000e+00,nan,nan,nan,nan,nan,nan,0.000000000000000000e+00,nan,nan,nan,nan,nan
nan,nan,0.000000000000000000e+00,nan,nan,nan,nan,nan,nan,nan,nan,nan,nan,nan,nan,nan,nan,nan,nan,nan,nan,nan,nan,-5.761316872428002070e-03,nan,nan,nan,-1.097393689986270269e-03,nan,nan,nan,-1.097393689986247934e-03,nan,0.000000000000000000e+00,nan,nan,nan,nan,nan,nan,nan,nan,nan,2.743484224965619836e-04,nan,nan,0.000000000000000000e+00,nan,nan,2.743484224965619836e-04,nan,nan,0.000000000000000000e+00,nan,nan,nan,nan,nan,nan,0.000000000000000000e+00,nan,nan,nan,nan,nan
nan,nan,-1.373626373626368746e-03,nan,nan,nan,nan,nan,nan,nan,nan,nan,nan,nan,nan,nan,nan,nan,nan,nan,nan,nan,nan,2.747252747252737493e-03,nan,nan,nan,1.923076923076916245e-03,nan,nan,nan,2.747252747252737493e-04,nan,2.472527472527463743e-03,nan,nan,nan,nan,nan,nan,nan,nan,nan,1.923076923076916245e-03,nan,nan,0.000000000000000000e+00,nan,nan,0.000000000000000000e+00,nan,nan,0.000000000000000000e+00,nan,nan,nan,nan,nan,nan,0.000000000000000000e+00,nan,nan,nan,nan,nan
nan,nan,1.678321678321736867e-03,nan,nan,nan,nan,nan,nan,nan,nan,nan,nan,nan,nan,nan,nan,nan,nan,nan,nan,nan,nan,4.475524475524505878e-03,nan,nan,nan,6.433566433566429224e-03,nan,nan,nan,3.356643356643407381e-03,nan,3.636363636363681897e-03,nan,nan,nan,nan,nan,nan,nan,nan,nan,1.398601398601484469e-03,nan,nan,0.000000000000000000e+00,nan,nan,0.000000000000000000e+00,nan,nan,0.000000000000000000e+00,nan,nan,nan,nan,nan,nan,0.000000000000000000e+00,nan,nan,nan,nan,nan
nan,nan,7.163323782234942705e-03,nan,nan,nan,nan,nan,nan,nan,nan,nan,nan,nan,nan,nan,nan,nan,nan,nan,nan,nan,nan,6.303724928366749927e-03,nan,nan,nan,8.309455587392534232e-03,nan,nan,nan,3.151862464183374964e-03,nan,4.584527220630363505e-03,nan,nan,nan,nan,nan,nan,nan,nan,nan,6.017191977077352046e-03,nan,nan,0.000000000000000000e+00,nan,nan,-2.865329512893977190e-04,nan,nan,0.000000000000000000e+00,nan,nan,nan,nan,nan,nan,0.000000000000000000e+00,nan,nan,nan,nan,nan
nan,nan,0.000000000000000000e+00,nan,nan,nan,nan,nan,nan,nan,nan,nan,nan,nan,nan,nan,nan,nan,nan,nan,nan,nan,nan,8.403361344537785271e-04,nan,nan,nan,2.521008403361335581e-03,nan,nan,nan,1.120448179271704703e-03,nan,8.403361344537785271e-04,nan,nan,nan,nan,nan,nan,nan,nan,nan,8.403361344537785271e-04,nan,nan,0.000000000000000000e+00,nan,nan,0.000000000000000000e+00,nan,nan,0.000000000000000000e+00,nan,nan,nan,nan,nan,nan,0.000000000000000000e+00,nan,nan,nan,nan,nan
nan,nan,1.643835616438349325e-03,nan,nan,nan,nan,nan,nan,nan,nan,nan,nan,nan,nan,nan,nan,nan,nan,nan,nan,nan,nan,2.739726027397582087e-04,nan,nan,nan,6.301369863013684194e-03,nan,nan,nan,4.931506849315092644e-03,nan,6.575342465753419852e-03,nan,nan,nan,nan,nan,nan,nan,nan,nan,0.000000000000000000e+00,nan,nan,0.000000000000000000e+00,nan,nan,2.739726027397359825e-04,nan,nan,0.000000000000000000e+00,nan,nan,nan,nan,nan,nan,0.000000000000000000e+00,nan,nan,nan,nan,nan
