nan,nan,nan,nan,nan,nan,2.491349480968860913e-02,nan,nan,nan,nan,nan,nan,nan,nan,nan,nan,nan,nan,nan,nan,nan,nan,nan,nan,nan,nan,nan,nan,2.491349480968860913e-02,nan,nan,nan,nan,nan,nan,nan,1.314878892733566465e-02,2.145328719723182953e-02,nan,nan,nan,nan,nan,-2.283737024221450460e-02,nan,-1.245674740484423691e-02,nan,nan,nan,nan,nan,1.314878892733566465e-02,nan,nan,nan,nan,nan,nan,2.076124567474049026e-02,nan,nan,-6.228373702422129732e-03,nan,-3.667820069204148770e-02
nan,nan,nan,nan,nan,nan,nan,nan,nan,nan,nan,nan,-1.744966442953026567e-02,nan,nan,nan,nan,nan,nan,nan,nan,nan,nan,nan,nan,nan,nan,nan,nan,1.476510067114087353e-02,nan,nan,nan,nan,nan,nan,nan,nan,9.395973154362403240e-03,nan,nan,nan,nan,1.208053691275161670e-02,4.161073825503349560e-02,nan,nan,nan,nan,nan,nan,-3.691275167785242062e-02,-1.342281879194651183e-03,nan,nan,nan,nan,nan,nan,6.040268456375818759e-03,nan,nan,-6.040268456375885546e-03,nan,-2.617449664429536554e-02
nan,nan,nan,nan,nan,nan,nan,nan,nan,nan,nan,nan,nan,nan,nan,nan,nan,nan,nan,nan,nan,nan,nan,nan,nan,nan,nan,nan,nan,1.216216216216217151e-02,nan,nan,nan,nan,nan,nan,nan,-6.756756756756577154e-04,2.432432432432431874e-02,nan,nan,nan,nan,9.459459459459473862e-03,3.378378378378377265e-03,nan,-3.378378378378377265e-03,nan,nan,nan,nan,nan,1.351351351351350906e-02,nan,nan,nan,nan,nan,nan,2.229729729729728119e-02,nan,nan,-2.837837837837837648e-02,nan,-9.729729729729733045e-02
nan,nan,nan,nan,nan,nan,nan,nan,nan,nan,nan,nan,nan,nan,nan,nan,nan,nan,nan,nan,nan,nan,nan,nan,nan,nan,nan,nan,nan,1.650165016501654522e-02,nan,nan,nan,nan,nan,nan,nan,-6.600660066006236448e-04,1.584158415841587647e-02,nan,nan,nan,nan,nan,-1.122112211221117963e-02,nan,-2.376237623762371756e-02,-2.112211221122104604e-02,nan,nan,nan,-1.254125412541249283e-02,nan,nan,nan,nan,nan,nan,nan,2.046204620462050913e-02,nan,nan,-4.224422442244220310e-02,nan,-3.366336633663360306e-02
nan,nan,nan,nan,nan,nan,nan,nan,nan,nan,nan,-1.904761904761907015e-02,nan,nan,nan,nan,nan,nan,nan,nan,nan,nan,nan,nan,nan,nan,nan,nan,nan,9.523809523809526056e-02,nan,nan,nan,nan,nan,nan,nan,-1.020408163265307255e-02,3.469387755102042170e-02,nan,nan,nan,nan,nan,-1.836734693877552921e-02,nan,-1.768707482993197092e-02,nan,nan,nan,nan,nan,nan,nan,nan,nan,nan,nan,nan,1.360544217687076254e-03,nan,0.000000000000000000e+00,8.163265306122458390e-03,nan,-2.517006802721091091e-02
nan,nan,nan,nan,nan,nan,nan,nan,nan,nan,nan,nan,nan,nan,nan,nan,nan,nan,nan,nan,nan,nan,nan,nan,nan,nan,nan,nan,nan,1.365187713310584902e-02,nan,nan,nan,nan,nan,nan,nan,3.481228668941984544e-02,-4.163822525597264679e-02,nan,nan,nan,nan,nan,3.412969283276501287e-03,nan,-2.935153583617739967e-02,nan,nan,nan,nan,-2.184300341296925227e-02,-3.344709897610916027e-02,nan,nan,nan,nan,nan,nan,2.730375426621201203e-03,nan,nan,-3.481228668941975524e-02,nan,-7.372013651877129536e-02
nan,nan,nan,nan,nan,nan,nan,nan,nan,nan,nan,-2.186495176848874886e-02,nan,nan,nan,nan,nan,nan,nan,nan,nan,nan,nan,nan,nan,nan,nan,nan,nan,1.093247588424435188e-02,nan,nan,nan,nan,nan,nan,nan,-1.221864951768492080e-02,1.093247588424435188e-02,nan,nan,nan,nan,-2.186495176848874886e-02,2.315112540192927268e-02,nan,nan,nan,nan,nan,nan,nan,-3.858520900321549350e-03,nan,nan,nan,nan,nan,nan,9.646302250803828054e-03,nan,nan,-1.414790996784565102e-02,nan,-3.858520900321545100e-02
nan,nan,nan,nan,nan,nan,nan,nan,nan,nan,nan,-1.533333333333337586e-02,nan,nan,nan,nan,nan,nan,nan,nan,nan,nan,nan,nan,nan,nan,nan,nan,nan,-6.000000000000027880e-03,nan,nan,nan,nan,nan,nan,nan,1.466666666666660568e-02,2.666666666666659552e-02,nan,nan,nan,nan,nan,5.333333333333301063e-03,nan,nan,9.333333333333282064e-03,nan,nan,nan,nan,nan,nan,nan,nan,nan,nan,nan,-3.200000000000004924e-02,nan,0.000000000000000000e+00,-6.866666666666672303e-02,nan,-4.466666666666672253e-02
nan,nan,nan,nan,nan,nan,nan,nan,nan,nan,nan,-2.597402597402602778e-02,nan,nan,nan,nan,nan,nan,nan,nan,nan,nan,nan,nan,nan,nan,nan,nan,nan,2.597402597402593757e-02,nan,nan,nan,nan,nan,nan,nan,-1.753246753246757647e-02,3.896103896103841890e-03,nan,nan,nan,nan,-2.597402597402642503e-03,-4.805194805194812346e-02,nan,nan,nan,nan,nan,nan,nan,-6.428571428571430713e-02,nan,nan,nan,nan,nan,nan,1.948051948051945231e-02,nan,nan,1.753246753246748973e-02,nan,-6.233766233766237924e-02
nan,nan,nan,nan,nan,nan,nan,nan,nan,nan,nan,nan,nan,nan,nan,nan,nan,nan,nan,nan,nan,nan,nan,nan,nan,nan,nan,nan,nan,2.149837133550489693e-02,nan,nan,nan,nan,nan,nan,nan,-2.605863192182411581e-02,-1.302931596091205704e-03,nan,nan,nan,nan,-2.084690553745929126e-02,2.605863192182411407e-03,nan,nan,nan,nan,nan,nan,-5.146579804560262594e-02,-2.736156351791532021e-02,nan,nan,nan,nan,nan,nan,4.560260586319220613e-03,nan,nan,-1.302931596091205790e-02,nan,-6.514657980456026176e-02
nan,nan,nan,nan,nan,nan,nan,nan,nan,nan,nan,nan,nan,nan,nan,nan,nan,nan,nan,nan,nan,nan,nan,nan,nan,nan,nan,nan,nan,nan,nan,nan,nan,nan,nan,nan,nan,-1.854304635761585413e-02,-6.622516556291424333e-04,nan,nan,nan,nan,nan,4.039735099337748991e-02,nan,-1.788079470198673457e-02,-1.788079470198675885e-02,nan,nan,nan,-4.635761589403972899e-02,-4.238410596026487287e-02,nan,nan,nan,nan,nan,nan,-8.609271523178830057e-03,nan,nan,2.649006622516547615e-03,nan,-2.649006622516558718e-02
nan,nan,nan,nan,nan,nan,nan,nan,nan,nan,nan,2.317880794701987490e-02,nan,nan,nan,nan,nan,nan,nan,nan,nan,nan,nan,nan,nan,nan,nan,nan,nan,1.258278145695366189e-02,nan,nan,nan,nan,nan,nan,nan,7.947019867549642846e-03,3.841059602649006532e-02,nan,nan,nan,nan,nan,1.245033112582781404e-01,nan,-1.192052980132449723e-02,-1.390728476821190274e-02,nan,nan,nan,nan,nan,nan,nan,nan,nan,nan,nan,1.523178807947020950e-02,nan,nan,6.622516556291424333e-04,nan,2.980132450331125435e-02
nan,nan,nan,nan,nan,nan,nan,nan,nan,nan,nan,-1.812080536912747883e-02,nan,nan,nan,nan,nan,nan,nan,nan,nan,nan,nan,nan,nan,nan,nan,nan,nan,1.543624161073828792e-02,nan,nan,nan,nan,nan,nan,nan,6.711409395973167227e-03,-3.422818791946304756e-02,nan,nan,nan,nan,-7.382550335570448041e-03,-6.711409395972811392e-04,nan,nan,nan,nan,nan,nan,nan,-4.697986577181167793e-03,nan,nan,nan,nan,nan,nan,3.489932885906042032e-02,nan,nan,1.342281879194651183e-03,nan,-2.348993288590601677e-02
nan,nan,nan,nan,nan,nan,nan,nan,nan,nan,nan,1.488673139158571725e-02,nan,nan,nan,nan,nan,nan,nan,nan,nan,nan,nan,nan,nan,nan,nan,nan,nan,1.488673139158576061e-02,nan,nan,nan,nan,nan,nan,nan,-6.472491909385258641e-04,5.825242718446576977e-03,nan,nan,nan,nan,4.983818770226535605e-02,-1.165048543689319906e-02,nan,nan,nan,nan,nan,nan,-6.472491909385124850e-03,nan,nan,nan,nan,nan,nan,nan,1.035598705501616923e-02,nan,nan,9.708737864077688143e-03,nan,-3.430420711974111608e-02
nan,nan,nan,nan,nan,nan,nan,nan,nan,nan,nan,-2.935153583617751069e-02,nan,nan,nan,nan,nan,nan,nan,nan,nan,nan,nan,nan,nan,nan,nan,nan,nan,8.191126279863448351e-03,nan,nan,nan,nan,nan,nan,nan,-4.440892098500626408e-17,-2.252559726962461914e-02,nan,nan,nan,nan,1.365187713310533815e-03,-2.730375426621201203e-03,nan,nan,nan,nan,nan,nan,nan,-2.730375426621223321e-03,nan,nan,nan,nan,nan,nan,2.730375426621156620e-02,nan,nan,-3.003412969283283246e-02,nan,-2.798634812286693307e-02
nan,nan,nan,nan,nan,nan,nan,nan,nan,nan,nan,nan,nan,nan,nan,nan,nan,nan,nan,nan,nan,nan,nan,nan,nan,nan,nan,nan,nan,1.403508771929826669e-02,nan,nan,nan,nan,nan,nan,nan,-3.087719298245610380e-02,2.596491228070176710e-02,nan,nan,nan,nan,nan,-3.508771929824550193e-03,nan,-3.368421052631578178e-02,nan,nan,nan,nan,-3.578947368421050296e-02,7.719298245614058911e-03,nan,nan,nan,nan,nan,nan,-5.614035087719270942e-03,nan,nan,-1.263157894736839301e-02,nan,1.052631578947369438e-02
nan,nan,nan,nan,nan,nan,nan,nan,nan,nan,nan,nan,-4.026845637583888887e-02,nan,nan,nan,nan,nan,nan,nan,nan,nan,nan,nan,nan,nan,nan,nan,nan,1.543624161073831047e-02,nan,nan,nan,nan,nan,nan,nan,-1.060402684563757775e-01,1.006711409395979508e-02,nan,nan,nan,nan,nan,-6.845637583892613676e-02,nan,-2.348993288590601677e-02,nan,nan,nan,nan,nan,nan,nan,nan,nan,nan,nan,nan,-4.161073825503354418e-02,nan,0.000000000000000000e+00,-1.120805369127516604e-01,nan,-1.073825503355700997e-02
nan,nan,nan,nan,nan,nan,nan,nan,nan,nan,nan,-7.284768211920478187e-03,nan,nan,nan,nan,nan,nan,nan,nan,nan,nan,nan,nan,nan,nan,nan,nan,nan,-2.384105960264894936e-02,nan,nan,nan,nan,nan,nan,nan,-4.635761589403953123e-03,-4.105960264900658518e-02,nan,nan,nan,nan,-3.311258278145645488e-03,-2.317880794701978470e-02,nan,nan,-2.980132450331120925e-02,nan,nan,nan,nan,nan,nan,nan,nan,nan,nan,nan,-2.185430463576154558e-02,nan,nan,-4.701986754966880344e-02,nan,-1.854304635761583331e-02
nan,nan,nan,nan,nan,nan,nan,nan,nan,nan,nan,nan,-4.440892098500626408e-17,nan,nan,nan,nan,nan,nan,nan,nan,nan,nan,nan,nan,nan,nan,nan,nan,3.506493506493502110e-02,nan,nan,nan,nan,nan,nan,nan,1.233766233766229146e-02,2.922077922077919235e-02,nan,nan,nan,nan,nan,-2.220446049250313204e-17,nan,-9.090909090909126897e-03,nan,nan,nan,nan,nan,-1.688311688311692343e-02,nan,nan,nan,nan,nan,nan,-2.337662337662342951e-02,nan,nan,1.298701298701294624e-02,nan,-1.168831168831172516e-02
nan,nan,nan,nan,nan,nan,nan,nan,nan,nan,nan,nan,-9.790209790209725149e-03,nan,nan,nan,nan,nan,nan,nan,nan,nan,nan,nan,nan,nan,nan,nan,nan,5.594405594405649045e-03,nan,nan,nan,nan,nan,nan,nan,-3.496503496503433617e-03,1.748251748251752197e-02,nan,nan,nan,nan,-1.048951048951045698e-02,2.097902097902126957e-03,nan,nan,nan,nan,nan,nan,nan,-1.188811188811185124e-02,nan,nan,nan,nan,nan,nan,1.328671328671333571e-02,nan,nan,-1.398601398601351329e-03,nan,-3.496503496503455734e-03
nan,nan,nan,nan,nan,nan,nan,nan,nan,nan,nan,-1.118421052631581904e-02,nan,nan,nan,nan,nan,nan,nan,nan,nan,nan,nan,nan,nan,nan,nan,nan,nan,nan,nan,nan,nan,nan,nan,nan,nan,-1.315789473684248010e-03,-1.973684210526316374e-02,nan,nan,nan,nan,-5.789473684210531129e-02,1.315789473684208025e-02,nan,-1.381578947368422572e-02,nan,nan,nan,nan,-6.578947368421461227e-04,nan,nan,nan,nan,nan,nan,nan,-8.684210526315791490e-02,nan,nan,5.921052631578915468e-03,nan,-2.434210526315789755e-02
nan,nan,nan,nan,nan,nan,nan,nan,nan,nan,nan,-1.788079470198677967e-02,nan,nan,nan,nan,nan,nan,nan,nan,nan,nan,nan,nan,nan,nan,nan,nan,nan,nan,nan,nan,nan,nan,nan,nan,nan,1.986754966887360838e-03,7.284768211920478187e-03,nan,nan,nan,nan,7.947019867549642846e-03,1.788079470198673457e-02,nan,-1.125827814569540022e-02,-1.920529801324508817e-02,nan,nan,nan,nan,nan,nan,nan,nan,nan,nan,nan,1.324503311258276063e-02,nan,nan,-4.635761589404019042e-03,nan,-1.788079470198677967e-02
nan,nan,nan,nan,nan,nan,nan,nan,nan,nan,nan,-2.810457516339868317e-02,nan,nan,nan,nan,nan,nan,nan,nan,nan,nan,nan,nan,nan,nan,nan,nan,nan,1.503267973856208320e-02,nan,nan,nan,nan,nan,nan,nan,-1.307189542483655487e-03,1.307189542483659997e-02,nan,nan,nan,nan,nan,6.535947712418277433e-03,nan,1.764705882352939417e-02,nan,nan,nan,nan,nan,-1.372549019607842771e-02,nan,nan,nan,nan,nan,nan,2.026143790849672596e-02,nan,nan,-1.699346405228756643e-02,nan,-2.091503267973855371e-02
nan,nan,nan,nan,nan,nan,nan,nan,nan,nan,nan,nan,nan,nan,nan,nan,nan,nan,nan,nan,nan,nan,nan,nan,nan,nan,nan,nan,nan,1.895424836601307048e-02,nan,nan,nan,nan,nan,nan,nan,2.352941176470588897e-02,1.699346405228758725e-02,nan,nan,nan,nan,1.045751633986928900e-02,7.843137254901978023e-03,nan,nan,nan,nan,nan,nan,-2.220446049250313204e-17,7.189542483660127728e-03,nan,nan,nan,nan,nan,nan,1.307189542483662079e-02,nan,nan,-4.967320261437908890e-02,nan,-3.856209150326798951e-02
nan,nan,nan,nan,nan,nan,nan,nan,nan,nan,nan,-9.090909090909060977e-03,nan,nan,nan,nan,nan,nan,nan,nan,nan,nan,nan,nan,nan,nan,nan,nan,nan,nan,nan,nan,nan,nan,nan,nan,nan,-2.402597402597395071e-02,1.038961038961043817e-02,nan,nan,nan,nan,nan,3.441558441558443399e-02,nan,-1.688311688311683323e-02,2.012987012987015392e-02,nan,nan,nan,nan,6.661338147750938996e-17,nan,nan,nan,nan,nan,nan,-1.298701298701243623e-03,nan,nan,-1.493506493506488973e-02,nan,-3.441558441558436460e-02
nan,nan,nan,nan,nan,nan,nan,nan,nan,nan,nan,-9.771986970684043428e-03,nan,nan,nan,nan,nan,nan,nan,nan,nan,nan,nan,nan,nan,nan,nan,nan,nan,nan,nan,nan,nan,nan,nan,nan,nan,1.237785016286645570e-02,1.563517915309447018e-02,nan,nan,nan,nan,6.905537459283390966e-02,1.889250814332248465e-02,nan,1.758957654723127678e-02,-1.302931596091205704e-03,nan,nan,nan,nan,nan,nan,nan,nan,nan,nan,nan,2.605863192182411581e-02,nan,nan,3.257328990228014476e-03,nan,-2.214983713355049913e-02
nan,nan,nan,nan,nan,nan,nan,nan,nan,nan,nan,-6.534653465346533519e-02,nan,nan,nan,nan,nan,nan,nan,nan,nan,nan,nan,nan,nan,nan,nan,nan,nan,-1.016501650165016618e-01,nan,nan,nan,nan,nan,nan,nan,-1.102310231023102549e-01,-4.620462046204622947e-02,nan,nan,nan,nan,nan,-5.346534653465349202e-02,nan,-3.564356435643569604e-02,nan,nan,nan,nan,nan,nan,nan,nan,nan,nan,nan,nan,-6.204620462046208512e-02,nan,0.000000000000000000e+00,-2.706270627062707865e-02,nan,-1.280528052805280925e-01
nan,nan,nan,nan,nan,nan,nan,nan,nan,nan,nan,-1.232876712328767610e-02,nan,nan,nan,nan,nan,nan,nan,nan,nan,nan,nan,nan,nan,nan,nan,nan,nan,nan,nan,nan,nan,nan,nan,nan,nan,-1.027397260273972199e-02,1.917808219178083334e-02,nan,nan,nan,nan,-4.109589041095906489e-03,7.534246575342451284e-03,nan,-3.356164383561643927e-02,2.054794520547944398e-02,nan,nan,nan,nan,nan,nan,nan,nan,nan,nan,nan,2.397260273972603301e-02,nan,nan,4.794520547945202264e-03,nan,-1.780821917808221924e-02
nan,nan,nan,nan,nan,nan,nan,nan,nan,nan,nan,-4.187500000000006495e-02,nan,nan,nan,nan,nan,nan,nan,nan,nan,nan,nan,nan,nan,nan,nan,nan,nan,-1.875000000000004441e-02,nan,nan,nan,nan,nan,nan,nan,-1.000000000000005398e-02,-6.250000000000044582e-03,nan,nan,nan,nan,9.999999999999963779e-03,-3.000000000000007175e-02,nan,-8.312500000000003220e-02,nan,nan,nan,nan,nan,nan,nan,nan,nan,nan,nan,nan,-1.250000000000017807e-03,nan,nan,-6.937500000000004774e-02,nan,-9.500000000000008438e-02
nan,nan,nan,nan,nan,nan,nan,nan,nan,nan,nan,-1.095890410958904118e-02,nan,nan,nan,nan,nan,nan,nan,nan,nan,nan,nan,nan,nan,nan,nan,nan,nan,1.369863013698631102e-02,nan,nan,nan,nan,nan,nan,nan,8.904109589041132172e-03,3.424657534246589030e-03,nan,nan,nan,nan,nan,3.630136986301370911e-02,nan,-1.301369863013695019e-02,3.424657534246566912e-03,nan,nan,nan,nan,nan,nan,nan,nan,nan,nan,nan,2.671232876712330631e-02,nan,nan,-1.232876712328765355e-02,nan,-8.219178082191747059e-03
nan,nan,nan,nan,nan,nan,nan,nan,nan,nan,nan,-9.688581314878930151e-03,nan,nan,nan,nan,nan,nan,nan,nan,nan,nan,nan,nan,nan,nan,nan,nan,nan,nan,nan,nan,nan,nan,nan,nan,nan,-1.937716262975783948e-02,1.107266435986156185e-02,nan,nan,nan,nan,-2.076124567474080251e-03,-6.920415224913600838e-04,nan,nan,nan,nan,nan,nan,-1.937716262975779438e-02,-2.076124567474053537e-02,nan,nan,nan,nan,nan,nan,1.107266435986156185e-02,nan,nan,-7.612456747404872451e-03,nan,-2.837370242214538527e-02
nan,nan,nan,nan,nan,nan,nan,nan,nan,nan,nan,nan,nan,nan,nan,nan,nan,nan,nan,nan,nan,nan,nan,nan,nan,nan,nan,nan,nan,3.243243243243247587e-02,nan,nan,nan,nan,nan,nan,nan,4.121621621621627402e-02,6.081081081081118715e-03,nan,nan,nan,nan,nan,-2.702702702702675097e-03,nan,nan,2.770270270270271812e-02,nan,nan,nan,4.594594594594594156e-02,4.459459459459462483e-02,nan,nan,nan,nan,nan,nan,2.364864864864870547e-02,nan,nan,2.702702702702741884e-03,nan,-2.837837837837837648e-02
nan,nan,nan,nan,nan,nan,nan,nan,nan,nan,nan,-9.302325581395275850e-03,nan,nan,nan,nan,nan,nan,nan,nan,nan,nan,nan,nan,nan,nan,nan,nan,nan,nan,nan,nan,nan,nan,nan,nan,nan,-2.657807308970050377e-03,1.129568106312295317e-02,nan,nan,nan,nan,-1.661129568106309989e-02,9.966777408637916488e-03,nan,-5.980066445182652055e-03,6.644518272425315245e-03,nan,nan,nan,nan,nan,nan,nan,nan,nan,nan,nan,2.059800664451831922e-02,nan,nan,-3.322259136212579560e-03,nan,-2.923588039867104291e-02
nan,nan,nan,nan,nan,nan,nan,nan,nan,nan,nan,nan,nan,nan,nan,nan,nan,nan,nan,nan,nan,nan,nan,nan,nan,nan,nan,nan,nan,1.528239202657810658e-02,nan,nan,nan,nan,nan,nan,nan,-1.993355481727543312e-03,-1.926910299003319407e-02,nan,nan,nan,nan,1.993355481727587981e-03,3.322259136212668464e-03,nan,-1.727574750830560696e-02,nan,nan,nan,nan,nan,1.328903654485051947e-02,nan,nan,nan,nan,nan,nan,-1.328903654485014130e-03,nan,nan,-7.308970099667732971e-03,nan,-4.584717607973418790e-02
nan,nan,nan,nan,nan,nan,nan,nan,nan,nan,nan,nan,nan,nan,nan,nan,nan,nan,nan,nan,nan,nan,nan,nan,nan,nan,nan,nan,nan,1.466666666666662823e-02,nan,nan,nan,nan,nan,nan,nan,-5.333333333333367850e-03,1.133333333333330639e-02,nan,nan,nan,nan,nan,1.299999999999999489e-01,nan,1.266666666666664900e-02,4.333333333333333481e-02,nan,nan,nan,1.533333333333328739e-02,nan,nan,nan,nan,nan,nan,nan,2.666666666666661634e-02,nan,nan,7.999999999999984554e-03,nan,-3.000000000000002665e-02
nan,nan,nan,nan,nan,nan,nan,nan,nan,nan,nan,nan,nan,nan,nan,nan,nan,nan,nan,nan,nan,nan,nan,nan,nan,nan,nan,nan,nan,2.931596091205213028e-02,nan,nan,nan,nan,nan,nan,nan,-7.817589576547235089e-03,-2.605863192182411581e-02,nan,nan,nan,nan,-7.817589576547235089e-03,-5.928338762214979685e-02,nan,nan,nan,nan,nan,nan,-2.801302931596092588e-02,-5.863192182410425883e-03,nan,nan,nan,nan,nan,nan,-2.605863192182411407e-03,nan,nan,1.824104234527688245e-02,nan,-2.214983713355049913e-02
nan,nan,nan,nan,nan,nan,nan,nan,nan,nan,nan,-2.614379084967310973e-03,nan,nan,nan,nan,nan,nan,nan,nan,nan,nan,nan,nan,nan,nan,nan,nan,nan,1.307189542483662079e-02,nan,nan,nan,nan,nan,nan,nan,1.307189542483655487e-03,-2.810457516339870399e-02,nan,nan,nan,nan,nan,-7.843137254901932920e-03,nan,-3.267973856209147737e-02,-2.810457516339870399e-02,nan,nan,nan,nan,nan,nan,nan,nan,nan,nan,nan,1.764705882352941499e-02,nan,nan,-3.986928104575162418e-02,nan,-2.287581699346401612e-02
nan,nan,nan,nan,nan,nan,nan,nan,nan,nan,nan,nan,nan,nan,nan,nan,nan,nan,nan,nan,nan,nan,nan,nan,nan,nan,nan,nan,nan,1.351351351351350906e-02,nan,nan,nan,nan,nan,nan,nan,-1.621621621621622752e-02,-6.756756756757020593e-04,nan,nan,nan,nan,nan,-5.000000000000000278e-02,nan,-5.810810810810813909e-02,nan,nan,nan,nan,-4.459459459459458319e-02,nan,nan,nan,nan,nan,nan,nan,-1.263513513513513653e-01,nan,0.000000000000000000e+00,-8.108108108108109946e-02,nan,-8.716216216216217394e-02
nan,nan,nan,nan,nan,nan,nan,nan,nan,nan,nan,nan,nan,nan,nan,nan,nan,nan,nan,nan,nan,nan,nan,nan,nan,nan,nan,nan,nan,1.721854304635756991e-02,nan,nan,nan,nan,nan,nan,nan,-1.655629139072851627e-02,8.609271523178784954e-03,nan,nan,nan,nan,-1.192052980132451978e-02,1.523178807947016614e-02,nan,nan,nan,nan,nan,nan,-4.039735099337753155e-02,-1.258278145695368444e-02,nan,nan,nan,nan,nan,nan,-2.649006622516591851e-03,nan,nan,8.609271523178784954e-03,nan,-7.019867549668876161e-02
nan,nan,nan,nan,nan,nan,nan,nan,nan,nan,nan,6.778523489932881951e-02,nan,nan,nan,nan,nan,nan,nan,nan,nan,nan,nan,nan,nan,nan,nan,nan,nan,1.476510067114091863e-02,nan,nan,nan,nan,nan,nan,nan,2.416107382550334443e-02,1.275167785234896344e-02,nan,nan,nan,nan,nan,1.275167785234896344e-02,nan,3.758389261744961296e-02,2.281879194630869259e-02,nan,nan,nan,nan,nan,nan,nan,nan,nan,nan,nan,2.953020134228185808e-02,nan,nan,2.684563758389257870e-02,nan,-4.697986577181234580e-03
nan,nan,nan,nan,nan,nan,nan,nan,nan,nan,nan,nan,nan,nan,nan,nan,nan,nan,nan,nan,nan,nan,nan,nan,nan,nan,nan,nan,nan,-1.605351170568560665e-02,nan,nan,nan,nan,nan,nan,nan,9.364548494983337620e-03,9.364548494983337620e-03,nan,nan,nan,nan,nan,-2.675585284280934673e-02,nan,-2.073578595317724510e-02,-2.876254180602004842e-02,nan,nan,nan,nan,1.204013377926422754e-02,nan,nan,nan,nan,nan,nan,1.337792642140473928e-02,nan,nan,-2.541806020066885580e-02,nan,-6.220735785953172836e-02
nan,nan,nan,nan,nan,nan,nan,nan,nan,nan,nan,nan,3.379310344827588658e-02,nan,nan,nan,nan,nan,nan,nan,nan,nan,nan,nan,nan,nan,nan,nan,nan,1.724137931034486204e-02,nan,nan,nan,nan,nan,nan,nan,-3.448275862068950291e-03,9.655172413793123090e-03,nan,nan,nan,nan,nan,6.896551724137944600e-04,nan,nan,nan,nan,nan,nan,2.482758620689657844e-02,6.000000000000003247e-02,nan,nan,nan,nan,nan,nan,1.862068965517245031e-02,nan,nan,6.896551724137944817e-03,nan,-2.758620689655171335e-02
nan,nan,nan,nan,nan,nan,nan,nan,nan,nan,nan,nan,-1.446540880503148843e-02,nan,nan,nan,nan,nan,nan,nan,nan,nan,nan,nan,nan,nan,nan,nan,nan,1.698113207547169434e-02,nan,nan,nan,nan,nan,nan,nan,-1.125786163522013439e-01,1.761006289308175710e-02,nan,nan,nan,nan,nan,-7.232704402515728603e-02,nan,-1.572327044025163476e-02,nan,nan,nan,nan,nan,-2.138364779874222382e-02,nan,nan,nan,nan,nan,nan,1.069182389937106681e-02,nan,nan,-8.176100628930824121e-02,nan,-2.327044025157236698e-02
nan,nan,nan,nan,nan,nan,nan,nan,nan,nan,nan,nan,nan,nan,nan,nan,nan,nan,nan,nan,nan,nan,nan,nan,nan,nan,nan,nan,nan,1.204013377926420672e-02,nan,nan,nan,nan,nan,nan,nan,3.210702341137124105e-02,1.672240802675584170e-02,nan,nan,nan,nan,nan,-3.344481605351168341e-03,nan,1.739130434782609758e-02,nan,nan,nan,nan,9.364548494983294252e-03,-3.612040133779261669e-02,nan,nan,nan,nan,nan,nan,1.404682274247492924e-02,nan,nan,-4.682274247491635850e-03,nan,-9.364548494983271701e-03
nan,nan,nan,nan,nan,nan,nan,nan,nan,nan,nan,nan,nan,nan,nan,nan,nan,nan,nan,nan,nan,nan,nan,nan,nan,nan,nan,nan,nan,2.130584192439861566e-02,nan,nan,nan,nan,nan,nan,nan,-1.855670103092785933e-02,-6.185567010309256375e-03,nan,nan,nan,nan,-4.329896907216494728e-02,1.924398625429553020e-02,nan,nan,nan,nan,nan,nan,-4.536082474226801192e-02,-1.855670103092783504e-02,nan,nan,nan,nan,nan,nan,6.185567010309256375e-03,nan,nan,4.810996563573888621e-03,nan,1.993127147766322535e-02
nan,nan,nan,nan,nan,nan,nan,nan,nan,nan,nan,nan,nan,nan,nan,nan,nan,nan,nan,nan,nan,nan,nan,nan,nan,nan,nan,nan,nan,5.544554455445545316e-02,nan,nan,nan,nan,nan,nan,nan,1.782178217821781679e-02,1.254125412541256049e-02,nan,nan,nan,nan,6.600660066006613751e-03,3.960396039603941362e-03,nan,7.260726072607237395e-03,-2.508250825082512098e-02,nan,nan,nan,nan,nan,nan,nan,nan,nan,nan,nan,1.518151815181518691e-02,nan,nan,1.782178217821781679e-02,nan,2.706270627062705783e-02
nan,nan,nan,nan,nan,nan,nan,nan,nan,nan,nan,nan,nan,nan,nan,nan,nan,nan,nan,nan,nan,nan,nan,nan,nan,nan,nan,nan,nan,3.333333333333334675e-02,nan,nan,nan,nan,nan,nan,nan,1.241830065359479304e-02,2.091503267973859881e-02,nan,nan,nan,nan,1.960784313725527465e-03,-5.816993464052284957e-02,nan,-1.503267973856203810e-02,nan,nan,nan,nan,nan,-4.575163398692794203e-03,nan,nan,nan,nan,nan,nan,1.437908496732032138e-02,nan,nan,-6.928104575163399059e-02,nan,-9.215686274509797549e-02
nan,nan,nan,nan,nan,nan,nan,nan,nan,nan,nan,nan,-2.582781456953642252e-02,nan,nan,nan,nan,nan,nan,nan,nan,nan,nan,nan,nan,nan,nan,nan,nan,nan,nan,nan,nan,nan,nan,nan,nan,-2.052980132450328218e-02,-8.145695364238411673e-02,nan,nan,nan,nan,-1.721854304635759420e-02,-8.741721854304633499e-02,nan,nan,nan,nan,nan,nan,nan,-5.496688741721853649e-02,nan,nan,nan,nan,nan,nan,-1.052980132450331147e-01,nan,0.000000000000000000e+00,-8.410596026490065047e-02,nan,-1.788079470198673457e-02
nan,nan,nan,nan,nan,nan,nan,nan,nan,nan,nan,nan,nan,nan,nan,nan,nan,nan,nan,nan,nan,nan,nan,nan,nan,nan,nan,nan,nan,1.399999999999998988e-02,nan,nan,nan,nan,nan,nan,nan,-5.266666666666666025e-02,-3.199999999999998679e-02,nan,nan,nan,nan,nan,6.666666666666665360e-03,nan,nan,nan,nan,nan,nan,-5.666666666666666380e-02,-3.400000000000000938e-02,nan,nan,nan,nan,nan,nan,6.666666666666687044e-03,nan,0.000000000000000000e+00,-1.366666666666666585e-01,nan,-1.139999999999999902e-01
nan,nan,nan,nan,nan,nan,nan,nan,nan,nan,nan,-6.271777003484291062e-03,nan,nan,nan,nan,nan,nan,nan,nan,nan,nan,nan,nan,nan,nan,nan,nan,nan,nan,nan,nan,nan,nan,nan,nan,nan,-2.926829268292681016e-02,1.533101045296170195e-02,nan,nan,nan,nan,nan,-1.602787456445993117e-02,nan,-2.578397212543552877e-02,nan,nan,nan,nan,-6.968641114982576656e-02,-4.181184668989545994e-02,nan,nan,nan,nan,nan,nan,2.220446049250313204e-17,nan,nan,1.602787456445993117e-02,nan,2.787456445993053041e-03
nan,nan,nan,nan,nan,nan,nan,nan,nan,nan,nan,nan,nan,nan,nan,nan,nan,nan,nan,nan,nan,nan,nan,nan,nan,nan,nan,nan,nan,-1.030927835051544984e-02,nan,nan,nan,nan,nan,nan,nan,-2.199312714776631081e-02,-2.061855670103085458e-03,nan,nan,nan,nan,-3.092783505154639290e-02,-2.061855670103092050e-02,nan,-3.161512027491408805e-02,nan,nan,nan,nan,-1.855670103092785933e-02,nan,nan,nan,nan,nan,nan,nan,4.810996563573866069e-03,nan,nan,-8.865979381443296614e-02,nan,-1.257731958762886293e-01
nan,nan,nan,nan,nan,nan,nan,nan,nan,nan,nan,-1.038062283737026768e-02,nan,nan,nan,nan,nan,nan,nan,nan,nan,nan,nan,nan,nan,nan,nan,nan,nan,2.145328719723180871e-02,nan,nan,nan,nan,nan,nan,nan,3.460207612456711514e-03,1.038062283737022432e-02,nan,nan,nan,nan,2.352941176470584386e-02,-5.536332179930813883e-03,nan,-1.384083044982704555e-02,nan,nan,nan,nan,nan,nan,nan,nan,nan,nan,nan,nan,3.044982698961933368e-02,nan,nan,6.782006920415224738e-02,nan,-2.076124567474051455e-02
nan,nan,nan,nan,nan,nan,nan,nan,nan,nan,nan,nan,nan,nan,nan,nan,nan,nan,nan,nan,nan,nan,nan,nan,nan,nan,nan,nan,nan,1.111111111111110772e-01,nan,nan,nan,nan,nan,nan,nan,1.904761904761853586e-03,7.619047619047569601e-03,nan,nan,nan,nan,nan,1.060317460317460048e-01,nan,1.250793650793650402e-01,nan,nan,nan,nan,9.460317460317457794e-02,nan,nan,nan,nan,nan,nan,nan,3.492063492063492841e-02,nan,0.000000000000000000e+00,3.174603174603163325e-03,nan,-2.031746031746033479e-02
nan,nan,nan,nan,nan,nan,nan,nan,nan,nan,nan,nan,nan,nan,nan,nan,nan,nan,nan,nan,nan,nan,nan,nan,nan,nan,nan,nan,nan,-1.164383561643835864e-02,nan,nan,nan,nan,nan,nan,nan,1.643835616438356004e-02,2.328767123287671728e-02,nan,nan,nan,nan,1.054794520547945452e-01,6.506849315068492789e-02,nan,nan,1.780821917808219496e-02,nan,nan,nan,nan,7.602739726027399336e-02,nan,nan,nan,nan,nan,nan,1.575342465753424431e-02,nan,nan,-5.479452054794520591e-03,nan,-1.506849315068492512e-02
nan,nan,nan,nan,nan,nan,nan,nan,nan,nan,nan,nan,nan,nan,nan,nan,nan,nan,nan,nan,nan,nan,nan,nan,nan,nan,nan,nan,nan,-8.135593220338965814e-03,nan,nan,nan,nan,nan,nan,nan,-1.220338983050845913e-02,-2.576271186440675168e-02,nan,nan,nan,nan,-3.322033898305080946e-02,4.203389830508477004e-02,nan,-2.033898305084742494e-02,3.457627118644070879e-02,nan,nan,nan,nan,nan,nan,nan,nan,nan,nan,nan,5.423728813559347550e-03,nan,nan,-1.152542372881353375e-02,nan,-3.186440677966100032e-02
nan,nan,nan,nan,nan,nan,nan,nan,nan,nan,nan,nan,nan,nan,nan,nan,nan,nan,nan,nan,nan,nan,nan,nan,nan,nan,nan,nan,nan,2.459546925566342621e-02,nan,nan,nan,nan,nan,nan,nan,-1.682847896440131663e-02,5.177993527508095890e-03,nan,9.579288025889964864e-02,nan,nan,nan,3.236245954692518190e-03,nan,2.394822006472487746e-02,nan,nan,nan,nan,7.766990291262132473e-02,nan,nan,nan,nan,nan,nan,nan,4.530744336569548017e-03,nan,nan,2.588996763754014552e-03,nan,-2.977346278317154551e-02
nan,nan,nan,nan,nan,nan,nan,nan,nan,nan,nan,nan,nan,nan,nan,nan,nan,nan,nan,nan,nan,nan,nan,nan,nan,nan,nan,nan,nan,nan,nan,nan,nan,nan,nan,nan,nan,-1.107491856677524956e-02,2.540716612377851361e-02,nan,nan,nan,nan,nan,5.863192182410425883e-03,nan,-5.016286644951142154e-02,-4.560260586319220613e-03,nan,nan,nan,-5.407166123778504169e-02,-3.583061889250815923e-02,nan,nan,nan,nan,nan,nan,-5.211726384364822814e-03,nan,nan,-8.469055374592837290e-03,nan,-3.843648208469056804e-02
nan,nan,nan,nan,nan,nan,nan,nan,nan,nan,nan,nan,nan,nan,nan,nan,nan,nan,nan,nan,nan,nan,nan,nan,nan,nan,nan,nan,nan,2.280130293159610133e-02,nan,nan,nan,nan,nan,nan,nan,-1.172638436482085177e-02,-4.820846905537461147e-02,nan,nan,nan,nan,nan,-6.449511400651466997e-02,nan,nan,nan,nan,nan,nan,-7.752442996742672787e-02,-1.368078175895766010e-02,nan,nan,nan,nan,nan,nan,-1.185667752442997325e-01,nan,0.000000000000000000e+00,-1.250814332247557059e-01,nan,-1.667752442996742468e-01
nan,nan,nan,nan,nan,nan,nan,nan,nan,nan,nan,nan,-3.421052631578946901e-02,nan,nan,nan,nan,nan,nan,nan,nan,nan,nan,nan,nan,nan,nan,nan,nan,1.052631578947371693e-02,nan,nan,nan,nan,nan,nan,nan,-1.513157894736838482e-02,1.776315789473685916e-02,nan,nan,nan,nan,nan,-2.434210526315787673e-02,nan,nan,nan,nan,nan,nan,-2.763157894736838552e-02,-2.368421052631577289e-02,nan,nan,nan,nan,nan,nan,-1.249999999999995559e-02,nan,nan,1.118421052631584159e-02,nan,-3.749999999999997780e-02
nan,nan,nan,nan,nan,nan,nan,nan,nan,nan,nan,nan,nan,nan,nan,nan,nan,nan,nan,nan,nan,nan,nan,nan,nan,nan,nan,nan,nan,8.026755852842803324e-03,nan,nan,nan,nan,nan,nan,nan,3.344481605351168341e-03,-5.351170568561869172e-03,nan,nan,nan,nan,4.013377926421401662e-03,-5.351170568561869172e-03,nan,-1.404682274247490668e-02,-3.344481605351168341e-02,nan,nan,nan,nan,nan,nan,nan,nan,nan,nan,nan,2.675585284280934673e-02,nan,nan,-4.013377926421402009e-02,nan,-1.939799331103677499e-02
nan,nan,nan,nan,nan,nan,nan,nan,nan,nan,nan,-1.901408450704224901e-02,nan,nan,nan,nan,nan,nan,nan,nan,nan,nan,nan,nan,nan,nan,nan,nan,nan,-7.042253521126751181e-04,nan,nan,nan,nan,nan,nan,nan,-1.056338028169014932e-02,8.450704225352101417e-03,nan,nan,nan,nan,2.112676056338029865e-02,-3.591549295774645184e-02,nan,-7.746478873239437402e-02,nan,nan,nan,nan,nan,nan,nan,nan,nan,nan,nan,nan,-4.929577464788725827e-03,nan,nan,1.760563380281687795e-02,nan,-6.126760563380282548e-02
nan,nan,nan,nan,nan,nan,nan,nan,nan,nan,nan,2.635135135135131465e-02,nan,nan,nan,nan,nan,nan,nan,nan,nan,nan,nan,nan,nan,nan,nan,nan,nan,nan,nan,nan,nan,nan,nan,nan,nan,2.229729729729725690e-02,1.689189189189186507e-02,nan,nan,nan,nan,4.662162162162155482e-02,3.783783783783780524e-02,nan,-1.148648648648651314e-02,-8.108108108108136314e-03,nan,nan,nan,nan,nan,nan,nan,nan,nan,nan,nan,2.094594594594589854e-02,nan,nan,-6.081081081081141267e-03,nan,-6.661338147750938996e-17
nan,nan,nan,nan,nan,nan,nan,nan,nan,nan,nan,-7.096774193548438699e-03,nan,nan,nan,nan,nan,nan,nan,nan,nan,nan,nan,nan,nan,nan,nan,nan,nan,nan,nan,nan,nan,nan,nan,nan,nan,-1.096774193548391042e-02,1.161290322580639175e-02,nan,nan,nan,nan,-1.290322580645186876e-03,1.935483870967713528e-03,nan,nan,nan,nan,nan,nan,-3.741935483870972856e-02,-2.580645161290329170e-02,nan,nan,nan,nan,nan,nan,1.225806451612896329e-02,nan,nan,1.290322580645120090e-03,nan,-2.580645161290351201e-03
nan,nan,nan,nan,nan,nan,nan,nan,nan,nan,nan,nan,1.898734177215186808e-02,nan,nan,nan,nan,nan,nan,nan,nan,nan,nan,nan,nan,nan,nan,nan,nan,1.455696202531639970e-02,nan,nan,nan,nan,nan,nan,nan,-2.531645569620310891e-03,1.139240506329111148e-02,nan,nan,nan,nan,2.531645569620248962e-02,-1.265822784810133328e-02,nan,nan,nan,nan,nan,nan,nan,2.341772151898728963e-02,nan,nan,nan,nan,nan,nan,6.329113924050000940e-04,nan,nan,2.341772151898728963e-02,nan,-6.661338147750938996e-17
nan,nan,nan,nan,nan,nan,nan,nan,nan,nan,nan,nan,-1.292517006802720338e-02,nan,nan,nan,nan,nan,nan,nan,nan,nan,nan,nan,nan,nan,nan,nan,nan,1.904761904761907015e-02,nan,nan,nan,nan,nan,nan,nan,-2.721088435374152507e-03,nan,nan,nan,nan,nan,nan,-1.836734693877550839e-02,-2.040816326530612429e-02,-3.605442176870745502e-02,nan,nan,nan,nan,nan,-1.904761904761904587e-02,nan,nan,nan,nan,nan,nan,1.360544217687076340e-02,nan,nan,-3.809523809523809174e-02,nan,-8.163265306122458390e-03
nan,nan,nan,nan,nan,nan,nan,nan,nan,nan,nan,5.607476635514019314e-02,-7.476635514018692766e-03,nan,nan,nan,nan,nan,nan,nan,nan,nan,nan,nan,nan,nan,nan,nan,nan,1.246105919003115403e-02,nan,nan,nan,nan,nan,nan,nan,-5.607476635514019141e-03,-3.738317757009346383e-03,nan,nan,nan,nan,2.554517133956386507e-02,-1.246105919003115403e-02,nan,nan,nan,nan,nan,nan,nan,nan,nan,nan,nan,nan,nan,nan,3.489096573208723406e-02,nan,nan,-6.853582554517134891e-03,nan,1.869158878504673191e-03
nan,nan,nan,nan,nan,nan,nan,nan,nan,nan,nan,nan,nan,nan,nan,nan,nan,nan,nan,nan,nan,nan,nan,nan,nan,nan,nan,nan,nan,1.347517730496454805e-02,nan,nan,nan,nan,nan,nan,nan,-1.063829787234038537e-02,1.843971631205671910e-02,nan,nan,nan,nan,-1.276595744680852906e-02,2.127659574468076902e-03,nan,-7.801418439716290357e-03,nan,nan,nan,nan,-1.418439716312056530e-02,nan,nan,nan,nan,nan,nan,nan,1.205673758865248926e-02,nan,nan,7.801418439716290357e-03,nan,-1.063829787234040793e-02
nan,nan,nan,nan,nan,nan,nan,nan,nan,nan,nan,-1.357377049180328310e-01,nan,nan,nan,nan,nan,nan,nan,nan,nan,nan,nan,nan,nan,nan,nan,nan,nan,nan,nan,nan,nan,nan,nan,nan,nan,-7.409836065573774389e-02,-1.219672131147541416e-01,nan,nan,nan,nan,-1.311475409836071427e-03,-1.311475409836065642e-01,nan,-2.754098360655741345e-02,-8.131147540983607591e-02,nan,nan,nan,nan,nan,nan,nan,nan,nan,nan,nan,-1.022950819672131251e-01,nan,nan,-1.291803278688524736e-01,nan,-7.606557377049183444e-02
nan,nan,nan,nan,nan,nan,nan,nan,nan,nan,nan,nan,nan,nan,nan,nan,nan,nan,nan,nan,nan,nan,nan,nan,nan,nan,nan,nan,nan,1.523178807947018695e-02,nan,nan,nan,nan,nan,nan,nan,3.443708609271520921e-02,1.523178807947016614e-02,nan,nan,nan,nan,6.953642384105955532e-02,5.033112582781453653e-02,nan,nan,3.245033112582777768e-02,nan,nan,nan,-4.635761589403997358e-03,nan,nan,nan,nan,nan,nan,nan,2.317880794701982980e-02,nan,nan,4.635761589403953123e-03,nan,-7.284768211920544974e-03
nan,nan,nan,nan,nan,nan,nan,nan,nan,nan,nan,nan,nan,nan,nan,nan,nan,nan,nan,nan,nan,nan,nan,nan,nan,nan,nan,nan,nan,2.341137123745822349e-02,nan,nan,nan,nan,nan,nan,nan,6.020066889632103360e-03,1.404682274247490668e-02,nan,nan,nan,nan,1.137123745819397166e-02,-3.745819397993308680e-02,nan,-5.351170568561869172e-03,nan,nan,nan,nan,nan,6.688963210702336465e-04,nan,nan,nan,nan,nan,nan,2.742474916387958178e-02,nan,nan,-7.023411371237453515e-02,nan,-9.765886287625411000e-02
nan,nan,nan,nan,nan,nan,nan,nan,nan,nan,nan,nan,nan,nan,nan,nan,nan,nan,nan,nan,nan,nan,nan,nan,nan,nan,nan,nan,nan,-9.459459459459428760e-03,nan,nan,nan,nan,nan,nan,nan,-3.378378378378377265e-03,-1.013513513513513223e-02,nan,nan,nan,nan,-1.418918918918921079e-02,2.567567567567568057e-02,nan,-2.094594594594596446e-02,4.864864864864863747e-02,nan,nan,nan,nan,nan,nan,nan,nan,nan,nan,nan,1.148648648648646978e-02,nan,nan,-2.364864864864866384e-02,nan,-5.540540540540541542e-02
nan,nan,nan,nan,nan,nan,nan,nan,nan,nan,nan,nan,nan,nan,nan,nan,nan,nan,nan,nan,nan,nan,nan,nan,nan,nan,nan,nan,nan,-1.512027491408938183e-02,nan,nan,nan,nan,nan,nan,nan,1.580756013745703362e-02,1.718213058419242392e-02,nan,nan,nan,nan,-1.649484536082474959e-02,-2.130584192439866076e-02,nan,-2.474226804123711571e-02,-2.542955326460483167e-02,nan,nan,nan,nan,nan,nan,nan,nan,nan,nan,nan,6.872852233676974079e-03,nan,nan,-2.336769759450174622e-02,nan,-1.718213058419246902e-02
nan,nan,nan,nan,nan,nan,nan,nan,nan,nan,nan,7.382550335570470593e-03,nan,nan,nan,nan,nan,nan,nan,nan,nan,nan,nan,nan,nan,nan,nan,nan,nan,4.026845637583864428e-03,nan,nan,nan,nan,nan,nan,nan,nan,1.342281879194633445e-02,nan,nan,nan,nan,-8.724832214765099875e-03,-1.409395973154361527e-02,nan,-9.395973154362403240e-03,1.208053691275166007e-02,nan,nan,nan,nan,nan,nan,nan,nan,nan,nan,nan,1.610738255033556873e-02,nan,nan,6.711409395973167227e-03,nan,2.684563758389257697e-03
nan,nan,nan,nan,nan,nan,nan,nan,nan,nan,nan,6.493506493506462710e-03,nan,nan,nan,nan,nan,nan,nan,nan,nan,nan,nan,nan,nan,nan,nan,nan,nan,nan,nan,nan,nan,nan,nan,nan,nan,7.142857142857094929e-03,1.558441558441552369e-02,nan,nan,nan,nan,-6.493506493506528629e-03,4.545454545454496662e-03,nan,-1.103896103896107039e-02,6.493506493505885263e-04,nan,nan,nan,nan,nan,nan,nan,nan,nan,nan,nan,1.688311688311683323e-02,nan,nan,5.194805194805129749e-03,nan,5.194805194805129749e-03
nan,nan,nan,nan,nan,nan,nan,nan,nan,nan,nan,nan,nan,nan,nan,nan,nan,nan,nan,nan,nan,nan,nan,nan,nan,nan,nan,nan,nan,1.409395973154357017e-02,nan,nan,nan,nan,nan,nan,nan,-7.382550335570514828e-03,6.040268456375797075e-03,nan,nan,nan,nan,nan,-4.697986577181257131e-03,nan,-3.758389261744972398e-02,nan,nan,nan,nan,-3.288590604026848940e-02,-3.691275167785239286e-02,nan,nan,nan,nan,nan,nan,-2.416107382550341034e-02,nan,nan,-3.557046979865776531e-02,nan,-7.382550335570474409e-02
nan,nan,nan,nan,nan,nan,nan,nan,nan,nan,nan,-1.558441558441554450e-02,nan,nan,nan,nan,nan,nan,nan,nan,nan,nan,nan,nan,nan,nan,nan,nan,nan,-3.246753246753231355e-03,nan,nan,nan,nan,nan,nan,nan,-1.493506493506493484e-02,-1.064935064935064873e-01,nan,nan,nan,nan,nan,-1.142857142857142544e-01,nan,-3.246753246753253472e-03,nan,nan,nan,nan,nan,-8.441558441558449574e-03,nan,nan,nan,nan,nan,nan,5.844155844155873858e-03,nan,nan,-6.168831168831168110e-02,nan,-2.402597402597399581e-02
nan,nan,nan,nan,nan,nan,nan,nan,nan,nan,nan,nan,-1.512027491408940438e-02,nan,nan,nan,nan,nan,nan,nan,nan,nan,nan,nan,nan,nan,nan,nan,nan,3.436426116838453646e-03,nan,nan,nan,nan,nan,nan,nan,-6.185567010309344846e-03,3.436426116838453646e-03,nan,nan,nan,nan,nan,-4.123711340206237703e-03,nan,nan,-2.474226804123715734e-02,nan,nan,nan,nan,-1.924398625429557530e-02,nan,nan,nan,nan,nan,nan,-1.237113402061862377e-02,nan,nan,5.498281786941516987e-03,nan,-1.649484536082479469e-02
nan,nan,nan,nan,nan,nan,nan,nan,nan,nan,nan,nan,nan,nan,nan,nan,nan,nan,nan,nan,nan,nan,nan,nan,nan,nan,nan,nan,nan,4.590163934426239045e-03,nan,nan,nan,nan,nan,nan,nan,1.770491803278693294e-02,6.557377049180357353e-03,nan,nan,nan,nan,-1.245901639344257870e-02,2.163934426229510016e-02,nan,-3.147540983606555987e-02,5.245901639344263678e-02,nan,nan,nan,nan,nan,nan,nan,nan,nan,nan,nan,1.770491803278690865e-02,nan,nan,-3.475409836065570385e-02,nan,-1.508196721311472199e-02
nan,nan,nan,nan,nan,nan,nan,nan,nan,nan,nan,nan,6.349206349206548694e-04,nan,nan,nan,nan,nan,nan,nan,nan,nan,nan,nan,nan,nan,nan,nan,nan,nan,nan,nan,nan,nan,nan,nan,nan,6.349206349206393436e-03,-5.523809523809519728e-02,nan,nan,nan,nan,nan,3.174603174603207560e-03,nan,3.174603174603230112e-03,1.079365079365084482e-02,nan,nan,nan,nan,nan,nan,nan,nan,nan,nan,nan,-2.666666666666663715e-02,nan,0.000000000000000000e+00,-7.936507936507930516e-02,nan,-8.952380952380947776e-02
nan,nan,nan,nan,nan,nan,nan,nan,nan,nan,nan,nan,nan,nan,nan,nan,nan,nan,nan,nan,nan,nan,nan,nan,nan,nan,nan,nan,nan,nan,nan,nan,nan,nan,nan,nan,nan,1.365187713310582820e-02,6.143344709897635703e-03,nan,nan,nan,nan,8.873720136518815221e-03,1.160409556313997045e-02,nan,-2.730375426621112298e-03,3.071672354948811259e-02,nan,nan,nan,nan,6.661338147750938996e-17,nan,nan,nan,nan,nan,nan,3.071672354948811259e-02,nan,nan,2.047781569965922803e-03,nan,-9.556313993174025967e-03
nan,nan,nan,nan,nan,nan,nan,nan,nan,nan,nan,nan,nan,nan,nan,nan,nan,nan,nan,nan,nan,nan,nan,nan,nan,nan,nan,nan,nan,-6.578947368421040123e-03,nan,nan,nan,nan,nan,nan,nan,-4.671052631578942460e-02,2.236842105263159297e-02,nan,nan,nan,nan,nan,-1.907894736842099398e-02,nan,-2.499999999999995628e-02,nan,nan,nan,nan,-3.618421052631577706e-02,-2.105263157894732284e-02,nan,nan,nan,nan,nan,nan,6.578947368421084359e-03,nan,nan,-9.210526315789424254e-03,nan,-8.026315789473677242e-02
nan,nan,nan,nan,nan,nan,nan,nan,nan,nan,nan,-3.246753246753297708e-03,nan,nan,nan,nan,nan,nan,nan,nan,nan,nan,nan,nan,nan,nan,nan,nan,nan,nan,nan,nan,nan,nan,nan,nan,nan,-9.675324675324681323e-02,-1.227272727272727681e-01,nan,nan,nan,nan,nan,-1.000000000000000472e-01,nan,-1.032467532467532811e-01,-1.233766233766234316e-01,nan,nan,nan,-3.571428571428578863e-02,nan,nan,nan,nan,nan,nan,nan,-1.181818181818182489e-01,nan,nan,-1.090909090909091550e-01,nan,-4.610389610389616089e-02
nan,nan,nan,nan,nan,nan,nan,nan,nan,nan,nan,nan,nan,nan,nan,nan,nan,nan,nan,nan,nan,nan,nan,nan,nan,nan,nan,nan,nan,9.210526315789491908e-03,nan,nan,nan,nan,nan,nan,nan,7.236842105263185596e-03,1.118421052631581904e-02,nan,nan,nan,nan,-9.210526315789424254e-03,-2.499999999999995628e-02,nan,nan,-1.447368421052628272e-02,nan,nan,nan,nan,-2.368421052631575208e-02,nan,nan,nan,nan,nan,nan,2.302631578947373844e-02,nan,nan,-2.763157894736836123e-02,nan,-6.447368421052628029e-02
nan,nan,nan,nan,nan,nan,nan,nan,nan,nan,nan,nan,nan,nan,nan,nan,nan,nan,nan,nan,nan,nan,nan,nan,nan,nan,nan,nan,nan,nan,nan,nan,nan,nan,nan,nan,nan,1.145762711864406896e-01,2.169491525423725836e-02,nan,nan,nan,nan,nan,5.627118644067796716e-02,nan,9.491525423728820049e-03,1.220338983050848168e-02,nan,nan,nan,9.355932203389831503e-02,nan,nan,nan,nan,nan,nan,nan,5.423728813559324999e-03,nan,0.000000000000000000e+00,2.440677966101694255e-02,nan,-2.711864406779640382e-03
nan,nan,nan,nan,nan,nan,nan,nan,nan,nan,nan,nan,nan,nan,nan,nan,nan,nan,nan,nan,nan,nan,nan,nan,nan,nan,nan,nan,nan,nan,nan,nan,nan,nan,nan,nan,nan,-5.460750853242379854e-03,1.911262798634807275e-02,nan,nan,nan,nan,nan,-8.873720136518836038e-03,nan,-4.778156996587033106e-02,-1.228668941979529396e-02,nan,nan,nan,-5.460750853242402406e-03,-3.890784982935158176e-02,nan,nan,nan,nan,nan,nan,1.160409556313988198e-02,nan,nan,1.365187713310533815e-03,nan,-1.501706484641645092e-02
nan,nan,nan,nan,nan,nan,nan,nan,nan,nan,nan,nan,7.038327526132408252e-02,nan,nan,nan,nan,nan,nan,nan,nan,nan,nan,nan,nan,nan,nan,nan,nan,1.254355400696869315e-02,nan,nan,nan,nan,nan,nan,nan,5.783972125435543621e-02,2.857142857142862605e-02,nan,nan,nan,nan,nan,3.693379790940769236e-02,nan,nan,nan,nan,nan,nan,7.386759581881534309e-02,6.132404181184673841e-02,nan,nan,nan,nan,nan,nan,2.369337979094079255e-02,nan,nan,6.550522648083625943e-02,nan,-2.787456445992986254e-03
nan,nan,nan,nan,nan,nan,nan,nan,nan,nan,nan,7.096774193548349360e-03,nan,nan,nan,nan,nan,nan,nan,nan,nan,nan,nan,nan,nan,nan,nan,nan,nan,nan,nan,nan,nan,nan,nan,nan,nan,-1.225806451612907431e-02,1.290322580645157993e-02,nan,nan,nan,nan,-9.677419354838744797e-03,-1.290322580645186876e-03,nan,nan,nan,nan,nan,nan,-2.129032258064520594e-02,-8.387096774193580906e-03,nan,nan,nan,nan,nan,nan,-6.451612903226377821e-04,nan,nan,1.935483870967669075e-03,nan,1.290322580645097972e-03
nan,nan,nan,nan,nan,nan,nan,nan,nan,nan,nan,5.324232081911266234e-02,nan,nan,nan,nan,nan,nan,nan,nan,nan,nan,nan,nan,nan,nan,nan,nan,nan,-4.095563139931734584e-03,nan,nan,nan,nan,nan,nan,nan,8.464163822525598568e-02,8.191126279863491719e-03,nan,nan,nan,nan,nan,3.754266211604095904e-02,nan,-3.071672354948804667e-02,nan,nan,nan,nan,-5.460750853242335619e-03,nan,nan,nan,nan,nan,nan,nan,7.508532423208191635e-03,nan,nan,7.508532423208214186e-03,nan,-3.617747440273037796e-02
nan,nan,nan,nan,nan,nan,nan,nan,nan,nan,nan,7.508532423208189033e-02,nan,nan,nan,nan,nan,nan,nan,nan,nan,nan,nan,nan,nan,nan,nan,nan,nan,3.959044368600681679e-02,nan,nan,nan,nan,nan,nan,nan,5.255972696245732323e-02,3.754266211604091741e-02,nan,nan,nan,nan,nan,2.662116040955628954e-02,nan,nan,6.484641638225252525e-02,nan,nan,nan,8.327645051194534909e-02,nan,nan,nan,nan,nan,nan,nan,3.003412969283276654e-02,nan,nan,9.556313993174048518e-03,nan,-4.778156996587079770e-03
nan,nan,nan,nan,nan,nan,nan,nan,nan,nan,nan,nan,nan,nan,nan,nan,nan,nan,nan,nan,nan,nan,nan,nan,nan,nan,nan,nan,nan,1.635179153094463156e-01,nan,nan,nan,nan,nan,nan,nan,8.143322475570036190e-02,2.084690553745929126e-02,nan,nan,nan,nan,nan,-2.605863192182411407e-03,nan,1.270358306188925646e-01,nan,nan,nan,nan,nan,9.185667752443001099e-02,nan,nan,nan,nan,nan,nan,7.947882736156355876e-02,nan,0.000000000000000000e+00,-1.107491856677524956e-02,nan,-3.452768729641695483e-02
nan,nan,nan,nan,nan,nan,nan,nan,nan,nan,nan,nan,nan,nan,nan,nan,nan,nan,nan,nan,nan,nan,nan,nan,nan,nan,nan,nan,nan,4.294871794871794879e-02,nan,nan,nan,nan,nan,nan,-2.564102564102554993e-03,6.410256410256431718e-03,4.487179487179486503e-02,nan,nan,nan,nan,nan,-1.153846153846152002e-02,nan,-3.205128205128193741e-03,nan,nan,nan,nan,nan,3.397435897435896468e-02,nan,nan,nan,nan,nan,nan,3.653846153846156131e-02,nan,nan,-2.500000000000000139e-02,nan,3.653846153846154049e-02
nan,nan,nan,nan,nan,nan,nan,nan,nan,nan,nan,6.472491909384814118e-04,nan,nan,nan,nan,nan,nan,nan,nan,nan,nan,nan,nan,nan,nan,nan,nan,nan,7.119741100323606804e-03,nan,nan,nan,nan,nan,nan,nan,3.883495145631043945e-03,2.006472491909385564e-02,nan,nan,nan,nan,3.883495145631043945e-03,3.883495145631043945e-03,nan,nan,nan,nan,nan,nan,-2.220446049250313204e-17,nan,nan,nan,nan,nan,nan,nan,2.394822006472490175e-02,nan,nan,7.119741100323606804e-03,nan,-1.165048543689324242e-02
nan,nan,nan,nan,nan,nan,nan,nan,nan,nan,nan,nan,nan,nan,nan,nan,nan,nan,nan,nan,nan,nan,nan,nan,nan,nan,nan,nan,nan,-1.880877742946718235e-03,nan,nan,nan,nan,nan,nan,nan,-1.253918495297805594e-02,-5.015673981191224456e-02,nan,nan,nan,nan,-1.504702194357372333e-02,-1.379310344827588963e-02,nan,-5.203761755485893786e-02,7.460815047021943092e-02,nan,nan,nan,nan,nan,nan,nan,nan,nan,nan,nan,1.692789968652037499e-02,nan,nan,-5.015673981191222375e-02,nan,-7.210031347962382597e-02
nan,nan,nan,nan,nan,nan,nan,nan,nan,nan,nan,nan,nan,nan,nan,nan,nan,nan,nan,nan,nan,nan,nan,nan,nan,nan,nan,nan,nan,8.754208754208802484e-03,nan,nan,nan,nan,nan,nan,nan,-6.734006734006481743e-04,8.754208754208825036e-03,nan,nan,nan,nan,nan,-6.060606060606011161e-03,nan,1.683501683501689022e-02,-1.346801346801296349e-03,nan,nan,nan,nan,4.440892098500626408e-17,nan,nan,nan,nan,nan,nan,2.626262626262632072e-02,nan,nan,-4.983164983164976164e-02,nan,-1.414141414141409890e-02
nan,nan,nan,nan,nan,nan,nan,nan,nan,nan,nan,nan,nan,nan,nan,nan,nan,nan,nan,nan,nan,nan,nan,nan,nan,nan,nan,nan,nan,2.244897959183676101e-02,nan,nan,nan,nan,nan,nan,nan,-5.714285714285707168e-02,-3.061224489795912745e-02,nan,nan,nan,nan,nan,2.380952380952383596e-02,nan,-1.360544217687032018e-03,-1.428571428571421241e-02,nan,nan,nan,nan,nan,nan,nan,nan,nan,nan,nan,-6.122448979591832430e-02,nan,0.000000000000000000e+00,-6.734693877551019281e-02,nan,-3.673469387755094739e-02
nan,nan,nan,nan,nan,nan,nan,nan,nan,nan,nan,nan,nan,nan,nan,nan,nan,nan,nan,nan,nan,nan,nan,nan,nan,nan,nan,nan,nan,3.344947735191641097e-02,nan,nan,nan,nan,nan,nan,nan,9.756097560975663524e-03,1.811846689895477841e-02,nan,nan,nan,nan,nan,5.853658536585371053e-02,nan,2.648083623693386901e-02,5.853658536585371053e-02,nan,nan,nan,1.951219512195128195e-02,nan,nan,nan,nan,nan,nan,nan,6.968641114983187713e-04,nan,nan,-6.271777003484269378e-03,nan,-4.878048780487742424e-03
nan,nan,nan,nan,nan,nan,nan,nan,nan,nan,nan,nan,nan,nan,nan,nan,nan,nan,nan,nan,nan,nan,nan,nan,nan,nan,nan,nan,nan,-5.117845117845117031e-02,nan,nan,nan,nan,nan,nan,nan,-4.646464646464643078e-02,-6.734006734006702920e-04,nan,nan,nan,nan,-3.164983164983163622e-02,-4.377104377104375221e-02,nan,-1.481481481481477028e-02,nan,nan,nan,nan,-2.020202020202020027e-02,nan,nan,nan,nan,nan,nan,nan,4.040404040404066421e-03,nan,nan,-3.703703703703702110e-02,nan,-1.616161616161615466e-02
nan,nan,nan,nan,nan,nan,nan,nan,nan,nan,nan,9.120521172638418675e-03,nan,nan,nan,nan,nan,nan,nan,nan,nan,nan,nan,nan,nan,nan,nan,nan,nan,-2.605863192182411407e-03,nan,nan,nan,nan,nan,nan,nan,2.345276872964168272e-02,-1.237785016286645570e-02,nan,nan,nan,nan,-1.563517915309447018e-02,-9.771986970684043428e-03,nan,-1.433224755700326404e-02,nan,nan,nan,nan,nan,nan,nan,nan,nan,nan,nan,nan,4.039087947882737811e-02,nan,nan,-3.061889250814333469e-02,nan,-4.495114006514659699e-02
nan,nan,nan,nan,nan,nan,nan,nan,nan,nan,nan,nan,nan,nan,nan,nan,nan,nan,nan,nan,nan,nan,nan,nan,nan,nan,nan,nan,nan,8.201892744479532399e-03,nan,nan,nan,nan,nan,nan,nan,5.678233438485879962e-03,2.018927444794955603e-02,nan,nan,nan,nan,-1.955835962145107201e-02,-1.703470031545737534e-02,nan,nan,2.460567823343853128e-02,nan,nan,nan,nan,-1.198738170347000108e-02,nan,nan,nan,nan,nan,nan,2.523659305993692856e-02,nan,nan,5.047318611987416763e-03,nan,-2.208201892744474787e-02
nan,nan,nan,nan,nan,nan,nan,nan,nan,nan,nan,1.584158415841590076e-02,nan,nan,nan,nan,nan,nan,nan,nan,nan,nan,nan,nan,nan,nan,nan,nan,nan,1.320132013201380430e-03,nan,nan,nan,nan,nan,nan,nan,1.458745874587459301e-01,5.280528052805322226e-03,nan,nan,nan,nan,nan,3.960396039604030700e-03,nan,nan,-3.960396039603897127e-03,nan,nan,nan,nan,nan,nan,nan,nan,nan,nan,nan,3.762376237623767800e-02,nan,0.000000000000000000e+00,8.646864686468651306e-02,nan,3.300330033003318151e-03
